"Sample/LIMSID","Sample/Name","Container/Type","Container/Name","Sample/Well Location","Sample/Reagent Label","UDF/Ampliseq Primer Design ID (IAD number)","UDF/ASF Comments","UDF/C1 Application","UDF/Custom Index Primer","UDF/Custom Index Primer Concentration (uM)","UDF/Custom Seq Primer","UDF/Custom Seq Primer Concentration (uM)","UDF/i7 Index","UDF/Library band size (bp)","UDF/Library Preparation Protocol","UDF/Primer pairs","UDF/Progress","UDF/Read Length","UDF/Reference Genome","UDF/RIN","UDF/RNA Type","UDF/Sample Concentration (ng\/uL)","UDF/Sample Type","UDF/Sequencer","UDF/Sequencing required (million reads)","UDF/Size Selection (bp)","UDF/User Sample Name","UDF/C1 IFC Used","UDF/Coverage (x)","UDF/Number of primer pairs in pool","UDF/Pool ID","UDF/End Type","UDF/Hybridisation baits","UDF/Total Amount (ng)","UDF/Volume (uL)","UDF/i5 Index","UDF/TRACERx Sample ID","UDF/User Comments","UDF/Test ID"
"PRO472A1","1_FP1_FL020817_C03","96 well plate","FP1_FL020817","A:1",,,,"mRNA-Full-Length",,,,,,,,,,"75bp","Mus musculus",,,0.198897077546507,"Harvested cDNA","Illumina HiSeq 4000",3000000,,,"C1-96",,,,"Paired End",,,15,,,"Smart-Seq V4, ERCC SPIKE-IN",
"PRO472A2","2_FP1_FL020817_C02","96 well plate","FP1_FL020817","A:2",,,,"mRNA-Full-Length",,,,,,,,,,"75bp","Mus musculus",,,1.59948782492925,"Harvested cDNA","Illumina HiSeq 4000",3000000,,,"C1-96",,,,"Paired End",,,15,,,"Smart-Seq V4, ERCC SPIKE-IN",
"PRO472A3","1_FP1_FL020817_C01","96 well plate","FP1_FL020817","A:3",,,,"mRNA-Full-Length",,,,,,,,,,"75bp","Mus musculus",,,0.262700704968244,"Harvested cDNA","Illumina HiSeq 4000",3000000,,,"C1-96",,,,"Paired End",,,15,,,"Smart-Seq V4, ERCC SPIKE-IN",
"PRO472A4","1_FP1_FL020817_C49","96 well plate","FP1_FL020817","A:4",,,,"mRNA-Full-Length",,,,,,,,,,"75bp","Mus musculus",,,1.84189795784741,"Harvested cDNA","Illumina HiSeq 4000",3000000,,,"C1-96",,,,"Paired End",,,15,,,"Smart-Seq V4, ERCC SPIKE-IN",
"PRO472A5","1_FP1_FL020817_C50","96 well plate","FP1_FL020817","A:5",,,,"mRNA-Full-Length",,,,,,,,,,"75bp","Mus musculus",,,1.41493019432097,"Harvested cDNA","Illumina HiSeq 4000",3000000,,,"C1-96",,,,"Paired End",,,15,,,"Smart-Seq V4, ERCC SPIKE-IN",
"PRO472A6","1_FP1_FL020817_C51","96 well plate","FP1_FL020817","A:6",,,,"mRNA-Full-Length",,,,,,,,,,"75bp","Mus musculus",,,0.112976799342321,"Harvested cDNA","Illumina HiSeq 4000",3000000,,,"C1-96",,,,"Paired End",,,15,,,"Smart-Seq V4, ERCC SPIKE-IN",
"PRO472A7","0_FP1_FL020817_C06","96 well plate","FP1_FL020817","A:7",,,,"mRNA-Full-Length",,,,,,,,,,"75bp","Mus musculus",,,-0.016596218343725,"Harvested cDNA","Illumina HiSeq 4000",3000000,,,"C1-96",,,,"Paired End",,,15,,,"Smart-Seq V4, ERCC SPIKE-IN",
"PRO472A8","1_FP1_FL020817_C05","96 well plate","FP1_FL020817","A:8",,,,"mRNA-Full-Length",,,,,,,,,,"75bp","Mus musculus",,,1.62503837675424,"Harvested cDNA","Illumina HiSeq 4000",3000000,,,"C1-96",,,,"Paired End",,,15,,,"Smart-Seq V4, ERCC SPIKE-IN",
"PRO472A9","2_FP1_FL020817_C04","96 well plate","FP1_FL020817","A:9",,,,"mRNA-Full-Length",,,,,,,,,,"75bp","Mus musculus",,,0.369656537143605,"Harvested cDNA","Illumina HiSeq 4000",3000000,,,"C1-96",,,,"Paired End",,,15,,,"Smart-Seq V4, ERCC SPIKE-IN",
"PRO472A10","C_FP1_FL020817_C52","96 well plate","FP1_FL020817","A:10",,,,"mRNA-Full-Length",,,,,,,,,,"75bp","Mus musculus",,,0.058513091747725,"Harvested cDNA","Illumina HiSeq 4000",3000000,,,"C1-96",,,,"Paired End",,,15,,,"Smart-Seq V4, ERCC SPIKE-IN",
"PRO472A11","1S_FP1_FL020817_C53","96 well plate","FP1_FL020817","A:11",,,,"mRNA-Full-Length",,,,,,,,,,"75bp","Mus musculus",,,-0.061639978756375,"Harvested cDNA","Illumina HiSeq 4000",3000000,,,"C1-96",,,,"Paired End",,,15,,,"Smart-Seq V4, ERCC SPIKE-IN",
"PRO472A12","1_FP1_FL020817_C54","96 well plate","FP1_FL020817","A:12",,,,"mRNA-Full-Length",,,,,,,,,,"75bp","Mus musculus",,,0.936643070722356,"Harvested cDNA","Illumina HiSeq 4000",3000000,,,"C1-96",,,,"Paired End",,,15,,,"Smart-Seq V4, ERCC SPIKE-IN",
"PRO472A13","C_FP1_FL020817_C09","96 well plate","FP1_FL020817","B:1",,,,"mRNA-Full-Length",,,,,,,,,,"75bp","Mus musculus",,,0.851886826769878,"Harvested cDNA","Illumina HiSeq 4000",3000000,,,"C1-96",,,,"Paired End",,,15,,,"Smart-Seq V4, ERCC SPIKE-IN",
"PRO472A14","C_FP1_FL020817_C08","96 well plate","FP1_FL020817","B:2",,,,"mRNA-Full-Length",,,,,,,,,,"75bp","Mus musculus",,,0.99950092031458,"Harvested cDNA","Illumina HiSeq 4000",3000000,,,"C1-96",,,,"Paired End",,,15,,,"Smart-Seq V4, ERCC SPIKE-IN",
"PRO472A15","0_FP1_FL020817_C07","96 well plate","FP1_FL020817","B:3",,,,"mRNA-Full-Length",,,,,,,,,,"75bp","Mus musculus",,,-0.051499785381185,"Harvested cDNA","Illumina HiSeq 4000",3000000,,,"C1-96",,,,"Paired End",,,15,,,"Smart-Seq V4, ERCC SPIKE-IN",
"PRO472A16","1_FP1_FL020817_C55","96 well plate","FP1_FL020817","B:4",,,,"mRNA-Full-Length",,,,,,,,,,"75bp","Mus musculus",,,1.14282263755611,"Harvested cDNA","Illumina HiSeq 4000",3000000,,,"C1-96",,,,"Paired End",,,15,,,"Smart-Seq V4, ERCC SPIKE-IN",
"PRO472A17","1_FP1_FL020817_C56","96 well plate","FP1_FL020817","B:5",,,,"mRNA-Full-Length",,,,,,,,,,"75bp","Mus musculus",,,1.13599848675547,"Harvested cDNA","Illumina HiSeq 4000",3000000,,,"C1-96",,,,"Paired End",,,15,,,"Smart-Seq V4, ERCC SPIKE-IN",
"PRO472A18","0_FP1_FL020817_C57","96 well plate","FP1_FL020817","B:6",,,,"mRNA-Full-Length",,,,,,,,,,"75bp","Mus musculus",,,-0.049587859122755,"Harvested cDNA","Illumina HiSeq 4000",3000000,,,"C1-96",,,,"Paired End",,,15,,,"Smart-Seq V4, ERCC SPIKE-IN",
"PRO472A19","1_FP1_FL020817_C12","96 well plate","FP1_FL020817","B:7",,,,"mRNA-Full-Length",,,,,,,,,,"75bp","Mus musculus",,,0.058057663346744,"Harvested cDNA","Illumina HiSeq 4000",3000000,,,"C1-96",,,,"Paired End",,,15,,,"Smart-Seq V4, ERCC SPIKE-IN",
"PRO472A20","1?_FP1_FL020817_C11","96 well plate","FP1_FL020817","B:8",,,,"mRNA-Full-Length",,,,,,,,,,"75bp","Mus musculus",,,1.75062312208537,"Harvested cDNA","Illumina HiSeq 4000",3000000,,,"C1-96",,,,"Paired End",,,15,,,"Smart-Seq V4, ERCC SPIKE-IN",
"PRO472A21","1_FP1_FL020817_C10","96 well plate","FP1_FL020817","B:9",,,,"mRNA-Full-Length",,,,,,,,,,"75bp","Mus musculus",,,0.544072519333881,"Harvested cDNA","Illumina HiSeq 4000",3000000,,,"C1-96",,,,"Paired End",,,15,,,"Smart-Seq V4, ERCC SPIKE-IN",
"PRO472A22","1_FP1_FL020817_C58","96 well plate","FP1_FL020817","B:10",,,,"mRNA-Full-Length",,,,,,,,,,"75bp","Mus musculus",,,1.18324372694667,"Harvested cDNA","Illumina HiSeq 4000",3000000,,,"C1-96",,,,"Paired End",,,15,,,"Smart-Seq V4, ERCC SPIKE-IN",
"PRO472A23","1_FP1_FL020817_C59","96 well plate","FP1_FL020817","B:11",,,,"mRNA-Full-Length",,,,,,,,,,"75bp","Mus musculus",,,1.13631859617469,"Harvested cDNA","Illumina HiSeq 4000",3000000,,,"C1-96",,,,"Paired End",,,15,,,"Smart-Seq V4, ERCC SPIKE-IN",
"PRO472A24","2_FP1_FL020817_C60","96 well plate","FP1_FL020817","B:12",,,,"mRNA-Full-Length",,,,,,,,,,"75bp","Mus musculus",,,1.09614486406262,"Harvested cDNA","Illumina HiSeq 4000",3000000,,,"C1-96",,,,"Paired End",,,15,,,"Smart-Seq V4, ERCC SPIKE-IN",
"PRO472A25","1_FP1_FL020817_C15","96 well plate","FP1_FL020817","C:1",,,,"mRNA-Full-Length",,,,,,,,,,"75bp","Mus musculus",,,1.38192982328505,"Harvested cDNA","Illumina HiSeq 4000",3000000,,,"C1-96",,,,"Paired End",,,15,,,"Smart-Seq V4, ERCC SPIKE-IN",
"PRO472A26","1_FP1_FL020817_C14","96 well plate","FP1_FL020817","C:2",,,,"mRNA-Full-Length",,,,,,,,,,"75bp","Mus musculus",,,0.466037118142201,"Harvested cDNA","Illumina HiSeq 4000",3000000,,,"C1-96",,,,"Paired End",,,15,,,"Smart-Seq V4, ERCC SPIKE-IN",
"PRO472A27","1_FP1_FL020817_C13","96 well plate","FP1_FL020817","C:3",,,,"mRNA-Full-Length",,,,,,,,,,"75bp","Mus musculus",,,0.509071464427841,"Harvested cDNA","Illumina HiSeq 4000",3000000,,,"C1-96",,,,"Paired End",,,15,,,"Smart-Seq V4, ERCC SPIKE-IN",
"PRO472A28","1_FP1_FL020817_C61","96 well plate","FP1_FL020817","C:4",,,,"mRNA-Full-Length",,,,,,,,,,"75bp","Mus musculus",,,0.434382661709821,"Harvested cDNA","Illumina HiSeq 4000",3000000,,,"C1-96",,,,"Paired End",,,15,,,"Smart-Seq V4, ERCC SPIKE-IN",
"PRO472A29","C_FP1_FL020817_C62","96 well plate","FP1_FL020817","C:5",,,,"mRNA-Full-Length",,,,,,,,,,"75bp","Mus musculus",,,0.143650556917637,"Harvested cDNA","Illumina HiSeq 4000",3000000,,,"C1-96",,,,"Paired End",,,15,,,"Smart-Seq V4, ERCC SPIKE-IN",
"PRO472A30","1_FP1_FL020817_C63","96 well plate","FP1_FL020817","C:6",,,,"mRNA-Full-Length",,,,,,,,,,"75bp","Mus musculus",,,1.53171193062356,"Harvested cDNA","Illumina HiSeq 4000",3000000,,,"C1-96",,,,"Paired End",,,15,,,"Smart-Seq V4, ERCC SPIKE-IN",
"PRO472A31","1S_FP1_FL020817_C18","96 well plate","FP1_FL020817","C:7",,,,"mRNA-Full-Length",,,,,,,,,,"75bp","Mus musculus",,,0.069629618851535,"Harvested cDNA","Illumina HiSeq 4000",3000000,,,"C1-96",,,,"Paired End",,,15,,,"Smart-Seq V4, ERCC SPIKE-IN",
"PRO472A32","2_FP1_FL020817_C17","96 well plate","FP1_FL020817","C:8",,,,"mRNA-Full-Length",,,,,,,,,,"75bp","Mus musculus",,,0.796929859661121,"Harvested cDNA","Illumina HiSeq 4000",3000000,,,"C1-96",,,,"Paired End",,,15,,,"Smart-Seq V4, ERCC SPIKE-IN",
"PRO472A33","1_FP1_FL020817_C16","96 well plate","FP1_FL020817","C:9",,,,"mRNA-Full-Length",,,,,,,,,,"75bp","Mus musculus",,,0.062683244454468,"Harvested cDNA","Illumina HiSeq 4000",3000000,,,"C1-96",,,,"Paired End",,,15,,,"Smart-Seq V4, ERCC SPIKE-IN",
"PRO472A34","1_FP1_FL020817_C64","96 well plate","FP1_FL020817","C:10",,,,"mRNA-Full-Length",,,,,,,,,,"75bp","Mus musculus",,,1.69793602176744,"Harvested cDNA","Illumina HiSeq 4000",3000000,,,"C1-96",,,,"Paired End",,,15,,,"Smart-Seq V4, ERCC SPIKE-IN",
"PRO472A35","0_FP1_FL020817_C65","96 well plate","FP1_FL020817","C:11",,,,"mRNA-Full-Length",,,,,,,,,,"75bp","Mus musculus",,,-0.039888543720399,"Harvested cDNA","Illumina HiSeq 4000",3000000,,,"C1-96",,,,"Paired End",,,15,,,"Smart-Seq V4, ERCC SPIKE-IN",
"PRO472A36","1_FP1_FL020817_C66","96 well plate","FP1_FL020817","C:12",,,,"mRNA-Full-Length",,,,,,,,,,"75bp","Mus musculus",,,0.015384167679134,"Harvested cDNA","Illumina HiSeq 4000",3000000,,,"C1-96",,,,"Paired End",,,15,,,"Smart-Seq V4, ERCC SPIKE-IN",
"PRO472A37","0_FP1_FL020817_C21","96 well plate","FP1_FL020817","D:1",,,,"mRNA-Full-Length",,,,,,,,,,"75bp","Mus musculus",,,-0.037422246149593,"Harvested cDNA","Illumina HiSeq 4000",3000000,,,"C1-96",,,,"Paired End",,,15,,,"Smart-Seq V4, ERCC SPIKE-IN",
"PRO472A38","1_FP1_FL020817_C20","96 well plate","FP1_FL020817","D:2",,,,"mRNA-Full-Length",,,,,,,,,,"75bp","Mus musculus",,,0.298298327428285,"Harvested cDNA","Illumina HiSeq 4000",3000000,,,"C1-96",,,,"Paired End",,,15,,,"Smart-Seq V4, ERCC SPIKE-IN",
"PRO472A39","2_FP1_FL020817_C19","96 well plate","FP1_FL020817","D:3",,,,"mRNA-Full-Length",,,,,,,,,,"75bp","Mus musculus",,,3.17966432162266,"Harvested cDNA","Illumina HiSeq 4000",3000000,,,"C1-96",,,,"Paired End",,,15,,,"Smart-Seq V4, ERCC SPIKE-IN",
"PRO472A40","1_FP1_FL020817_C67","96 well plate","FP1_FL020817","D:4",,,,"mRNA-Full-Length",,,,,,,,,,"75bp","Mus musculus",,,1.26862563930944,"Harvested cDNA","Illumina HiSeq 4000",3000000,,,"C1-96",,,,"Paired End",,,15,,,"Smart-Seq V4, ERCC SPIKE-IN",
"PRO472A41","0_FP1_FL020817_C68","96 well plate","FP1_FL020817","D:5",,,,"mRNA-Full-Length",,,,,,,,,,"75bp","Mus musculus",,,0.216957068961754,"Harvested cDNA","Illumina HiSeq 4000",3000000,,,"C1-96",,,,"Paired End",,,15,,,"Smart-Seq V4, ERCC SPIKE-IN",
"PRO472A42","0_FP1_FL020817_C69","96 well plate","FP1_FL020817","D:6",,,,"mRNA-Full-Length",,,,,,,,,,"75bp","Mus musculus",,,-0.040263944766575,"Harvested cDNA","Illumina HiSeq 4000",3000000,,,"C1-96",,,,"Paired End",,,15,,,"Smart-Seq V4, ERCC SPIKE-IN",
"PRO472A43","1_FP1_FL020817_C24","96 well plate","FP1_FL020817","D:7",,,,"mRNA-Full-Length",,,,,,,,,,"75bp","Mus musculus",,,1.52967487068307,"Harvested cDNA","Illumina HiSeq 4000",3000000,,,"C1-96",,,,"Paired End",,,15,,,"Smart-Seq V4, ERCC SPIKE-IN",
"PRO472A44","1_FP1_FL020817_C23","96 well plate","FP1_FL020817","D:8",,,,"mRNA-Full-Length",,,,,,,,,,"75bp","Mus musculus",,,1.43262351494693,"Harvested cDNA","Illumina HiSeq 4000",3000000,,,"C1-96",,,,"Paired End",,,15,,,"Smart-Seq V4, ERCC SPIKE-IN",
"PRO472A45","1Irr_FP1_FL020817_C22","96 well plate","FP1_FL020817","D:9",,,,"mRNA-Full-Length",,,,,,,,,,"75bp","Mus musculus",,,0.156540781212487,"Harvested cDNA","Illumina HiSeq 4000",3000000,,,"C1-96",,,,"Paired End",,,15,,,"Smart-Seq V4, ERCC SPIKE-IN",
"PRO472A46","0_FP1_FL020817_C70","96 well plate","FP1_FL020817","D:10",,,,"mRNA-Full-Length",,,,,,,,,,"75bp","Mus musculus",,,0.085892632390708,"Harvested cDNA","Illumina HiSeq 4000",3000000,,,"C1-96",,,,"Paired End",,,15,,,"Smart-Seq V4, ERCC SPIKE-IN",
"PRO472A47","1+D_FP1_FL020817_C71","96 well plate","FP1_FL020817","D:11",,,,"mRNA-Full-Length",,,,,,,,,,"75bp","Mus musculus",,,0.595566484543808,"Harvested cDNA","Illumina HiSeq 4000",3000000,,,"C1-96",,,,"Paired End",,,15,,,"Smart-Seq V4, ERCC SPIKE-IN",
"PRO472A48","1?_FP1_FL020817_C72","96 well plate","FP1_FL020817","D:12",,,,"mRNA-Full-Length",,,,,,,,,,"75bp","Mus musculus",,,0.190767753341142,"Harvested cDNA","Illumina HiSeq 4000",3000000,,,"C1-96",,,,"Paired End",,,15,,,"Smart-Seq V4, ERCC SPIKE-IN",
"PRO472A49","1_FP1_FL020817_C25","96 well plate","FP1_FL020817","E:1",,,,"mRNA-Full-Length",,,,,,,,,,"75bp","Mus musculus",,,0.637602671458608,"Harvested cDNA","Illumina HiSeq 4000",3000000,,,"C1-96",,,,"Paired End",,,15,,,"Smart-Seq V4, ERCC SPIKE-IN",
"PRO472A50","1_FP1_FL020817_C26","96 well plate","FP1_FL020817","E:2",,,,"mRNA-Full-Length",,,,,,,,,,"75bp","Mus musculus",,,1.46336856962016,"Harvested cDNA","Illumina HiSeq 4000",3000000,,,"C1-96",,,,"Paired End",,,15,,,"Smart-Seq V4, ERCC SPIKE-IN",
"PRO472A51","2_FP1_FL020817_C27","96 well plate","FP1_FL020817","E:3",,,,"mRNA-Full-Length",,,,,,,,,,"75bp","Mus musculus",,,1.55582199006206,"Harvested cDNA","Illumina HiSeq 4000",3000000,,,"C1-96",,,,"Paired End",,,15,,,"Smart-Seq V4, ERCC SPIKE-IN",
"PRO472A52","1_FP1_FL020817_C75","96 well plate","FP1_FL020817","E:4",,,,"mRNA-Full-Length",,,,,,,,,,"75bp","Mus musculus",,,0.117731879260547,"Harvested cDNA","Illumina HiSeq 4000",3000000,,,"C1-96",,,,"Paired End",,,15,,,"Smart-Seq V4, ERCC SPIKE-IN",
"PRO472A53","1_FP1_FL020817_C74","96 well plate","FP1_FL020817","E:5",,,,"mRNA-Full-Length",,,,,,,,,,"75bp","Mus musculus",,,1.43646482797756,"Harvested cDNA","Illumina HiSeq 4000",3000000,,,"C1-96",,,,"Paired End",,,15,,,"Smart-Seq V4, ERCC SPIKE-IN",
"PRO472A54","2_FP1_FL020817_C73","96 well plate","FP1_FL020817","E:6",,,,"mRNA-Full-Length",,,,,,,,,,"75bp","Mus musculus",,,0.373662270012295,"Harvested cDNA","Illumina HiSeq 4000",3000000,,,"C1-96",,,,"Paired End",,,15,,,"Smart-Seq V4, ERCC SPIKE-IN",
"PRO472A55","1Irr_FP1_FL020817_C28","96 well plate","FP1_FL020817","E:7",,,,"mRNA-Full-Length",,,,,,,,,,"75bp","Mus musculus",,,0.190529126319542,"Harvested cDNA","Illumina HiSeq 4000",3000000,,,"C1-96",,,,"Paired End",,,15,,,"Smart-Seq V4, ERCC SPIKE-IN",
"PRO472A56","0_FP1_FL020817_C29","96 well plate","FP1_FL020817","E:8",,,,"mRNA-Full-Length",,,,,,,,,,"75bp","Mus musculus",,,0.340305413486792,"Harvested cDNA","Illumina HiSeq 4000",3000000,,,"C1-96",,,,"Paired End",,,15,,,"Smart-Seq V4, ERCC SPIKE-IN",
"PRO472A57","1_FP1_FL020817_C30","96 well plate","FP1_FL020817","E:9",,,,"mRNA-Full-Length",,,,,,,,,,"75bp","Mus musculus",,,1.42873855063185,"Harvested cDNA","Illumina HiSeq 4000",3000000,,,"C1-96",,,,"Paired End",,,15,,,"Smart-Seq V4, ERCC SPIKE-IN",
"PRO472A58","1_FP1_FL020817_C78","96 well plate","FP1_FL020817","E:10",,,,"mRNA-Full-Length",,,,,,,,,,"75bp","Mus musculus",,,0.009729871301463,"Harvested cDNA","Illumina HiSeq 4000",3000000,,,"C1-96",,,,"Paired End",,,15,,,"Smart-Seq V4, ERCC SPIKE-IN",
"PRO472A59","0_FP1_FL020817_C77","96 well plate","FP1_FL020817","E:11",,,,"mRNA-Full-Length",,,,,,,,,,"75bp","Mus musculus",,,0.032521661949903,"Harvested cDNA","Illumina HiSeq 4000",3000000,,,"C1-96",,,,"Paired End",,,15,,,"Smart-Seq V4, ERCC SPIKE-IN",
"PRO472A60","1_FP1_FL020817_C76","96 well plate","FP1_FL020817","E:12",,,,"mRNA-Full-Length",,,,,,,,,,"75bp","Mus musculus",,,0.803608506180294,"Harvested cDNA","Illumina HiSeq 4000",3000000,,,"C1-96",,,,"Paired End",,,15,,,"Smart-Seq V4, ERCC SPIKE-IN",
"PRO472A61","1_FP1_FL020817_C31","96 well plate","FP1_FL020817","F:1",,,,"mRNA-Full-Length",,,,,,,,,,"75bp","Mus musculus",,,1.3237717619841,"Harvested cDNA","Illumina HiSeq 4000",3000000,,,"C1-96",,,,"Paired End",,,15,,,"Smart-Seq V4, ERCC SPIKE-IN",
"PRO472A62","1_FP1_FL020817_C32","96 well plate","FP1_FL020817","F:2",,,,"mRNA-Full-Length",,,,,,,,,,"75bp","Mus musculus",,,0.455837268011611,"Harvested cDNA","Illumina HiSeq 4000",3000000,,,"C1-96",,,,"Paired End",,,15,,,"Smart-Seq V4, ERCC SPIKE-IN",
"PRO472A63","1_FP1_FL020817_C33","96 well plate","FP1_FL020817","F:3",,,,"mRNA-Full-Length",,,,,,,,,,"75bp","Mus musculus",,,1.65605988956225,"Harvested cDNA","Illumina HiSeq 4000",3000000,,,"C1-96",,,,"Paired End",,,15,,,"Smart-Seq V4, ERCC SPIKE-IN",
"PRO472A64","1_FP1_FL020817_C81","96 well plate","FP1_FL020817","F:4",,,,"mRNA-Full-Length",,,,,,,,,,"75bp","Mus musculus",,,1.10180498061155,"Harvested cDNA","Illumina HiSeq 4000",3000000,,,"C1-96",,,,"Paired End",,,15,,,"Smart-Seq V4, ERCC SPIKE-IN",
"PRO472A65","1_FP1_FL020817_C80","96 well plate","FP1_FL020817","F:5",,,,"mRNA-Full-Length",,,,,,,,,,"75bp","Mus musculus",,,1.42895680705405,"Harvested cDNA","Illumina HiSeq 4000",3000000,,,"C1-96",,,,"Paired End",,,15,,,"Smart-Seq V4, ERCC SPIKE-IN",
"PRO472A66","1_FP1_FL020817_C79","96 well plate","FP1_FL020817","F:6",,,,"mRNA-Full-Length",,,,,,,,,,"75bp","Mus musculus",,,1.30523451652565,"Harvested cDNA","Illumina HiSeq 4000",3000000,,,"C1-96",,,,"Paired End",,,15,,,"Smart-Seq V4, ERCC SPIKE-IN",
"PRO472A67","1_FP1_FL020817_C34","96 well plate","FP1_FL020817","F:7",,,,"mRNA-Full-Length",,,,,,,,,,"75bp","Mus musculus",,,1.36531323434192,"Harvested cDNA","Illumina HiSeq 4000",3000000,,,"C1-96",,,,"Paired End",,,15,,,"Smart-Seq V4, ERCC SPIKE-IN",
"PRO472A68","C_FP1_FL020817_C35","96 well plate","FP1_FL020817","F:8",,,,"mRNA-Full-Length",,,,,,,,,,"75bp","Mus musculus",,,0.861009945217638,"Harvested cDNA","Illumina HiSeq 4000",3000000,,,"C1-96",,,,"Paired End",,,15,,,"Smart-Seq V4, ERCC SPIKE-IN",
"PRO472A69","1_FP1_FL020817_C36","96 well plate","FP1_FL020817","F:9",,,,"mRNA-Full-Length",,,,,,,,,,"75bp","Mus musculus",,,1.63320116694434,"Harvested cDNA","Illumina HiSeq 4000",3000000,,,"C1-96",,,,"Paired End",,,15,,,"Smart-Seq V4, ERCC SPIKE-IN",
"PRO472A70","1_FP1_FL020817_C84","96 well plate","FP1_FL020817","F:10",,,,"mRNA-Full-Length",,,,,,,,,,"75bp","Mus musculus",,,0.088852189475675,"Harvested cDNA","Illumina HiSeq 4000",3000000,,,"C1-96",,,,"Paired End",,,15,,,"Smart-Seq V4, ERCC SPIKE-IN",
"PRO472A71","1S_FP1_FL020817_C83","96 well plate","FP1_FL020817","F:11",,,,"mRNA-Full-Length",,,,,,,,,,"75bp","Mus musculus",,,-0.009098382719912,"Harvested cDNA","Illumina HiSeq 4000",3000000,,,"C1-96",,,,"Paired End",,,15,,,"Smart-Seq V4, ERCC SPIKE-IN",
"PRO472A72","1_FP1_FL020817_C82","96 well plate","FP1_FL020817","F:12",,,,"mRNA-Full-Length",,,,,,,,,,"75bp","Mus musculus",,,1.08581406007872,"Harvested cDNA","Illumina HiSeq 4000",3000000,,,"C1-96",,,,"Paired End",,,15,,,"Smart-Seq V4, ERCC SPIKE-IN",
"PRO472A73","2_FP1_FL020817_C37","96 well plate","FP1_FL020817","G:1",,,,"mRNA-Full-Length",,,,,,,,,,"75bp","Mus musculus",,,1.41610877900082,"Harvested cDNA","Illumina HiSeq 4000",3000000,,,"C1-96",,,,"Paired End",,,15,,,"Smart-Seq V4, ERCC SPIKE-IN",
"PRO472A74","0_FP1_FL020817_C38","96 well plate","FP1_FL020817","G:2",,,,"mRNA-Full-Length",,,,,,,,,,"75bp","Mus musculus",,,-0.05753821306192,"Harvested cDNA","Illumina HiSeq 4000",3000000,,,"C1-96",,,,"Paired End",,,15,,,"Smart-Seq V4, ERCC SPIKE-IN",
"PRO472A75","0_FP1_FL020817_C39","96 well plate","FP1_FL020817","G:3",,,,"mRNA-Full-Length",,,,,,,,,,"75bp","Mus musculus",,,0.017927582519116,"Harvested cDNA","Illumina HiSeq 4000",3000000,,,"C1-96",,,,"Paired End",,,15,,,"Smart-Seq V4, ERCC SPIKE-IN",
"PRO472A76","0_FP1_FL020817_C87","96 well plate","FP1_FL020817","G:4",,,,"mRNA-Full-Length",,,,,,,,,,"75bp","Mus musculus",,,0.051822804886034,"Harvested cDNA","Illumina HiSeq 4000",3000000,,,"C1-96",,,,"Paired End",,,15,,,"Smart-Seq V4, ERCC SPIKE-IN",
"PRO472A77","0_FP1_FL020817_C86","96 well plate","FP1_FL020817","G:5",,,,"mRNA-Full-Length",,,,,,,,,,"75bp","Mus musculus",,,-0.060215491840848,"Harvested cDNA","Illumina HiSeq 4000",3000000,,,"C1-96",,,,"Paired End",,,15,,,"Smart-Seq V4, ERCC SPIKE-IN",
"PRO472A78","1_FP1_FL020817_C85","96 well plate","FP1_FL020817","G:6",,,,"mRNA-Full-Length",,,,,,,,,,"75bp","Mus musculus",,,1.22191876495966,"Harvested cDNA","Illumina HiSeq 4000",3000000,,,"C1-96",,,,"Paired End",,,15,,,"Smart-Seq V4, ERCC SPIKE-IN",
"PRO472A79","1_FP1_FL020817_C40","96 well plate","FP1_FL020817","G:7",,,,"mRNA-Full-Length",,,,,,,,,,"75bp","Mus musculus",,,1.55740798673001,"Harvested cDNA","Illumina HiSeq 4000",3000000,,,"C1-96",,,,"Paired End",,,15,,,"Smart-Seq V4, ERCC SPIKE-IN",
"PRO472A80","1_FP1_FL020817_C41","96 well plate","FP1_FL020817","G:8",,,,"mRNA-Full-Length",,,,,,,,,,"75bp","Mus musculus",,,1.69805242519261,"Harvested cDNA","Illumina HiSeq 4000",3000000,,,"C1-96",,,,"Paired End",,,15,,,"Smart-Seq V4, ERCC SPIKE-IN",
"PRO472A81","C_FP1_FL020817_C42","96 well plate","FP1_FL020817","G:9",,,,"mRNA-Full-Length",,,,,,,,,,"75bp","Mus musculus",,,0.910976115472197,"Harvested cDNA","Illumina HiSeq 4000",3000000,,,"C1-96",,,,"Paired End",,,15,,,"Smart-Seq V4, ERCC SPIKE-IN",
"PRO472A82","1_FP1_FL020817_C90","96 well plate","FP1_FL020817","G:10",,,,"mRNA-Full-Length",,,,,,,,,,"75bp","Mus musculus",,,-0.231006962379868,"Harvested cDNA","Illumina HiSeq 4000",3000000,,,"C1-96",,,,"Paired End",,,15,,,"Smart-Seq V4, ERCC SPIKE-IN",
"PRO472A83","1_FP1_FL020817_C89","96 well plate","FP1_FL020817","G:11",,,,"mRNA-Full-Length",,,,,,,,,,"75bp","Mus musculus",,,0.970632870872225,"Harvested cDNA","Illumina HiSeq 4000",3000000,,,"C1-96",,,,"Paired End",,,15,,,"Smart-Seq V4, ERCC SPIKE-IN",
"PRO472A84","1_FP1_FL020817_C88","96 well plate","FP1_FL020817","G:12",,,,"mRNA-Full-Length",,,,,,,,,,"75bp","Mus musculus",,,1.43934581275054,"Harvested cDNA","Illumina HiSeq 4000",3000000,,,"C1-96",,,,"Paired End",,,15,,,"Smart-Seq V4, ERCC SPIKE-IN",
"PRO472A85","1_FP1_FL020817_C43","96 well plate","FP1_FL020817","H:1",,,,"mRNA-Full-Length",,,,,,,,,,"75bp","Mus musculus",,,0.873959826267888,"Harvested cDNA","Illumina HiSeq 4000",3000000,,,"C1-96",,,,"Paired End",,,15,,,"Smart-Seq V4, ERCC SPIKE-IN",
"PRO472A86","1_FP1_FL020817_C44","96 well plate","FP1_FL020817","H:2",,,,"mRNA-Full-Length",,,,,,,,,,"75bp","Mus musculus",,,1.24292958320299,"Harvested cDNA","Illumina HiSeq 4000",3000000,,,"C1-96",,,,"Paired End",,,15,,,"Smart-Seq V4, ERCC SPIKE-IN",
"PRO472A87","1_FP1_FL020817_C45","96 well plate","FP1_FL020817","H:3",,,,"mRNA-Full-Length",,,,,,,,,,"75bp","Mus musculus",,,1.74005951125112,"Harvested cDNA","Illumina HiSeq 4000",3000000,,,"C1-96",,,,"Paired End",,,15,,,"Smart-Seq V4, ERCC SPIKE-IN",
"PRO472A88","1_FP1_FL020817_C93","96 well plate","FP1_FL020817","H:4",,,,"mRNA-Full-Length",,,,,,,,,,"75bp","Mus musculus",,,0.239571344386809,"Harvested cDNA","Illumina HiSeq 4000",3000000,,,"C1-96",,,,"Paired End",,,15,,,"Smart-Seq V4, ERCC SPIKE-IN",
"PRO472A89","1S_FP1_FL020817_C92","96 well plate","FP1_FL020817","H:5",,,,"mRNA-Full-Length",,,,,,,,,,"75bp","Mus musculus",,,0.08225793543975,"Harvested cDNA","Illumina HiSeq 4000",3000000,,,"C1-96",,,,"Paired End",,,15,,,"Smart-Seq V4, ERCC SPIKE-IN",
"PRO472A90","1_FP1_FL020817_C91","96 well plate","FP1_FL020817","H:6",,,,"mRNA-Full-Length",,,,,,,,,,"75bp","Mus musculus",,,-0.136378252930093,"Harvested cDNA","Illumina HiSeq 4000",3000000,,,"C1-96",,,,"Paired End",,,15,,,"Smart-Seq V4, ERCC SPIKE-IN",
"PRO472A91","C_FP1_FL020817_C46","96 well plate","FP1_FL020817","H:7",,,,"mRNA-Full-Length",,,,,,,,,,"75bp","Mus musculus",,,0.708987071944592,"Harvested cDNA","Illumina HiSeq 4000",3000000,,,"C1-96",,,,"Paired End",,,15,,,"Smart-Seq V4, ERCC SPIKE-IN",
"PRO472A92","1_FP1_FL020817_C47","96 well plate","FP1_FL020817","H:8",,,,"mRNA-Full-Length",,,,,,,,,,"75bp","Mus musculus",,,0.735701658021287,"Harvested cDNA","Illumina HiSeq 4000",3000000,,,"C1-96",,,,"Paired End",,,15,,,"Smart-Seq V4, ERCC SPIKE-IN",
"PRO472A93","1_FP1_FL020817_C48","96 well plate","FP1_FL020817","H:9",,,,"mRNA-Full-Length",,,,,,,,,,"75bp","Mus musculus",,,1.39559267531447,"Harvested cDNA","Illumina HiSeq 4000",3000000,,,"C1-96",,,,"Paired End",,,15,,,"Smart-Seq V4, ERCC SPIKE-IN",
"PRO472A94","1_FP1_FL020817_C96","96 well plate","FP1_FL020817","H:10",,,,"mRNA-Full-Length",,,,,,,,,,"75bp","Mus musculus",,,1.19398194291867,"Harvested cDNA","Illumina HiSeq 4000",3000000,,,"C1-96",,,,"Paired End",,,15,,,"Smart-Seq V4, ERCC SPIKE-IN",
"PRO472A95","0_FP1_FL020817_C95","96 well plate","FP1_FL020817","H:11",,,,"mRNA-Full-Length",,,,,,,,,,"75bp","Mus musculus",,,-0.071771441874677,"Harvested cDNA","Illumina HiSeq 4000",3000000,,,"C1-96",,,,"Paired End",,,15,,,"Smart-Seq V4, ERCC SPIKE-IN",
"PRO472A96","0_FP1_FL020817_C94","96 well plate","FP1_FL020817","H:12",,,,"mRNA-Full-Length",,,,,,,,,,"75bp","Mus musculus",,,-0.082956355990775,"Harvested cDNA","Illumina HiSeq 4000",3000000,,,"C1-96",,,,"Paired End",,,15,,,"Smart-Seq V4, ERCC SPIKE-IN",
"PRO472A193","1?_FP1_FL140817_C03","96 well plate","FP1_FL140817","A:1",,,,"mRNA-Full-Length",,,,,,,,,,"75bp","Mus musculus",,,0.064401650018552,"Harvested cDNA","Illumina HiSeq 4000",3000000,,,"C1-96",,,,"Paired End",,,15,,,"Smart-Seq V4, ERCC SPIKE-IN",
"PRO472A194","0_FP1_FL140817_C02","96 well plate","FP1_FL140817","A:2",,,,"mRNA-Full-Length",,,,,,,,,,"75bp","Mus musculus",,,0.063767251351371,"Harvested cDNA","Illumina HiSeq 4000",3000000,,,"C1-96",,,,"Paired End",,,15,,,"Smart-Seq V4, ERCC SPIKE-IN",
"PRO472A195","0_FP1_FL140817_C01","96 well plate","FP1_FL140817","A:3",,,,"mRNA-Full-Length",,,,,,,,,,"75bp","Mus musculus",,,-0.051332455457502,"Harvested cDNA","Illumina HiSeq 4000",3000000,,,"C1-96",,,,"Paired End",,,15,,,"Smart-Seq V4, ERCC SPIKE-IN",
"PRO472A196","1S_FP1_FL140817_C49","96 well plate","FP1_FL140817","A:4",,,,"mRNA-Full-Length",,,,,,,,,,"75bp","Mus musculus",,,-0.073054789637185,"Harvested cDNA","Illumina HiSeq 4000",3000000,,,"C1-96",,,,"Paired End",,,15,,,"Smart-Seq V4, ERCC SPIKE-IN",
"PRO472A197","1?_FP1_FL140817_C50","96 well plate","FP1_FL140817","A:5",,,,"mRNA-Full-Length",,,,,,,,,,"75bp","Mus musculus",,,0.022535703113064,"Harvested cDNA","Illumina HiSeq 4000",3000000,,,"C1-96",,,,"Paired End",,,15,,,"Smart-Seq V4, ERCC SPIKE-IN",
"PRO472A198","1_FP1_FL140817_C51","96 well plate","FP1_FL140817","A:6",,,,"mRNA-Full-Length",,,,,,,,,,"75bp","Mus musculus",,,0.488842004175973,"Harvested cDNA","Illumina HiSeq 4000",3000000,,,"C1-96",,,,"Paired End",,,15,,,"Smart-Seq V4, ERCC SPIKE-IN",
"PRO472A199","1_FP1_FL140817_C06","96 well plate","FP1_FL140817","A:7",,,,"mRNA-Full-Length",,,,,,,,,,"75bp","Mus musculus",,,0.134578364968389,"Harvested cDNA","Illumina HiSeq 4000",3000000,,,"C1-96",,,,"Paired End",,,15,,,"Smart-Seq V4, ERCC SPIKE-IN",
"PRO472A200","D_FP1_FL140817_C05","96 well plate","FP1_FL140817","A:8",,,,"mRNA-Full-Length",,,,,,,,,,"75bp","Mus musculus",,,-0.024073683368133,"Harvested cDNA","Illumina HiSeq 4000",3000000,,,"C1-96",,,,"Paired End",,,15,,,"Smart-Seq V4, ERCC SPIKE-IN",
"PRO472A201","1_FP1_FL140817_C04","96 well plate","FP1_FL140817","A:9",,,,"mRNA-Full-Length",,,,,,,,,,"75bp","Mus musculus",,,-0.026116563479881,"Harvested cDNA","Illumina HiSeq 4000",3000000,,,"C1-96",,,,"Paired End",,,15,,,"Smart-Seq V4, ERCC SPIKE-IN",
"PRO472A202","2_FP1_FL140817_C52","96 well plate","FP1_FL140817","A:10",,,,"mRNA-Full-Length",,,,,,,,,,"75bp","Mus musculus",,,0.528241653510654,"Harvested cDNA","Illumina HiSeq 4000",3000000,,,"C1-96",,,,"Paired End",,,15,,,"Smart-Seq V4, ERCC SPIKE-IN",
"PRO472A203","1_FP1_FL140817_C53","96 well plate","FP1_FL140817","A:11",,,,"mRNA-Full-Length",,,,,,,,,,"75bp","Mus musculus",,,0.166726080914931,"Harvested cDNA","Illumina HiSeq 4000",3000000,,,"C1-96",,,,"Paired End",,,15,,,"Smart-Seq V4, ERCC SPIKE-IN",
"PRO472A204","1_FP1_FL140817_C54","96 well plate","FP1_FL140817","A:12",,,,"mRNA-Full-Length",,,,,,,,,,"75bp","Mus musculus",,,0.024414163386758,"Harvested cDNA","Illumina HiSeq 4000",3000000,,,"C1-96",,,,"Paired End",,,15,,,"Smart-Seq V4, ERCC SPIKE-IN",
"PRO472A205","1S_FP1_FL140817_C09","96 well plate","FP1_FL140817","B:1",,,,"mRNA-Full-Length",,,,,,,,,,"75bp","Mus musculus",,,0.114942562184892,"Harvested cDNA","Illumina HiSeq 4000",3000000,,,"C1-96",,,,"Paired End",,,15,,,"Smart-Seq V4, ERCC SPIKE-IN",
"PRO472A206","0_FP1_FL140817_C08","96 well plate","FP1_FL140817","B:2",,,,"mRNA-Full-Length",,,,,,,,,,"75bp","Mus musculus",,,-0.046571555368017,"Harvested cDNA","Illumina HiSeq 4000",3000000,,,"C1-96",,,,"Paired End",,,15,,,"Smart-Seq V4, ERCC SPIKE-IN",
"PRO472A207","1_FP1_FL140817_C07","96 well plate","FP1_FL140817","B:3",,,,"mRNA-Full-Length",,,,,,,,,,"75bp","Mus musculus",,,-0.023762304205801,"Harvested cDNA","Illumina HiSeq 4000",3000000,,,"C1-96",,,,"Paired End",,,15,,,"Smart-Seq V4, ERCC SPIKE-IN",
"PRO472A208","1_FP1_FL140817_C55","96 well plate","FP1_FL140817","B:4",,,,"mRNA-Full-Length",,,,,,,,,,"75bp","Mus musculus",,,0.173628804027558,"Harvested cDNA","Illumina HiSeq 4000",3000000,,,"C1-96",,,,"Paired End",,,15,,,"Smart-Seq V4, ERCC SPIKE-IN",
"PRO472A209","0_FP1_FL140817_C56","96 well plate","FP1_FL140817","B:5",,,,"mRNA-Full-Length",,,,,,,,,,"75bp","Mus musculus",,,0.030327457385434,"Harvested cDNA","Illumina HiSeq 4000",3000000,,,"C1-96",,,,"Paired End",,,15,,,"Smart-Seq V4, ERCC SPIKE-IN",
"PRO472A210","1S_FP1_FL140817_C57","96 well plate","FP1_FL140817","B:6",,,,"mRNA-Full-Length",,,,,,,,,,"75bp","Mus musculus",,,0.062185619811863,"Harvested cDNA","Illumina HiSeq 4000",3000000,,,"C1-96",,,,"Paired End",,,15,,,"Smart-Seq V4, ERCC SPIKE-IN",
"PRO472A211","0_FP1_FL140817_C12","96 well plate","FP1_FL140817","B:7",,,,"mRNA-Full-Length",,,,,,,,,,"75bp","Mus musculus",,,0.113893476315541,"Harvested cDNA","Illumina HiSeq 4000",3000000,,,"C1-96",,,,"Paired End",,,15,,,"Smart-Seq V4, ERCC SPIKE-IN",
"PRO472A212","1S_FP1_FL140817_C11","96 well plate","FP1_FL140817","B:8",,,,"mRNA-Full-Length",,,,,,,,,,"75bp","Mus musculus",,,0.187639411289677,"Harvested cDNA","Illumina HiSeq 4000",3000000,,,"C1-96",,,,"Paired End",,,15,,,"Smart-Seq V4, ERCC SPIKE-IN",
"PRO472A213","1_FP1_FL140817_C10","96 well plate","FP1_FL140817","B:9",,,,"mRNA-Full-Length",,,,,,,,,,"75bp","Mus musculus",,,0.204570289480768,"Harvested cDNA","Illumina HiSeq 4000",3000000,,,"C1-96",,,,"Paired End",,,15,,,"Smart-Seq V4, ERCC SPIKE-IN",
"PRO472A214","1S_FP1_FL140817_C58","96 well plate","FP1_FL140817","B:10",,,,"mRNA-Full-Length",,,,,,,,,,"75bp","Mus musculus",,,-0.033298654812918,"Harvested cDNA","Illumina HiSeq 4000",3000000,,,"C1-96",,,,"Paired End",,,15,,,"Smart-Seq V4, ERCC SPIKE-IN",
"PRO472A215","0_FP1_FL140817_C59","96 well plate","FP1_FL140817","B:11",,,,"mRNA-Full-Length",,,,,,,,,,"75bp","Mus musculus",,,-0.065837777276597,"Harvested cDNA","Illumina HiSeq 4000",3000000,,,"C1-96",,,,"Paired End",,,15,,,"Smart-Seq V4, ERCC SPIKE-IN",
"PRO472A216","2_FP1_FL140817_C60","96 well plate","FP1_FL140817","B:12",,,,"mRNA-Full-Length",,,,,,,,,,"75bp","Mus musculus",,,0.914584621652492,"Harvested cDNA","Illumina HiSeq 4000",3000000,,,"C1-96",,,,"Paired End",,,15,,,"Smart-Seq V4, ERCC SPIKE-IN",
"PRO472A217","1_FP1_FL140817_C15","96 well plate","FP1_FL140817","C:1",,,,"mRNA-Full-Length",,,,,,,,,,"75bp","Mus musculus",,,0.377276596363848,"Harvested cDNA","Illumina HiSeq 4000",3000000,,,"C1-96",,,,"Paired End",,,15,,,"Smart-Seq V4, ERCC SPIKE-IN",
"PRO472A218","0_FP1_FL140817_C14","96 well plate","FP1_FL140817","C:2",,,,"mRNA-Full-Length",,,,,,,,,,"75bp","Mus musculus",,,0.074003477552327,"Harvested cDNA","Illumina HiSeq 4000",3000000,,,"C1-96",,,,"Paired End",,,15,,,"Smart-Seq V4, ERCC SPIKE-IN",
"PRO472A219","0_FP1_FL140817_C13","96 well plate","FP1_FL140817","C:3",,,,"mRNA-Full-Length",,,,,,,,,,"75bp","Mus musculus",,,0.094622889278517,"Harvested cDNA","Illumina HiSeq 4000",3000000,,,"C1-96",,,,"Paired End",,,15,,,"Smart-Seq V4, ERCC SPIKE-IN",
"PRO472A220","1_FP1_FL140817_C61","96 well plate","FP1_FL140817","C:4",,,,"mRNA-Full-Length",,,,,,,,,,"75bp","Mus musculus",,,0.081220489912916,"Harvested cDNA","Illumina HiSeq 4000",3000000,,,"C1-96",,,,"Paired End",,,15,,,"Smart-Seq V4, ERCC SPIKE-IN",
"PRO472A221","1_FP1_FL140817_C62","96 well plate","FP1_FL140817","C:5",,,,"mRNA-Full-Length",,,,,,,,,,"75bp","Mus musculus",,,0.040300320836941,"Harvested cDNA","Illumina HiSeq 4000",3000000,,,"C1-96",,,,"Paired End",,,15,,,"Smart-Seq V4, ERCC SPIKE-IN",
"PRO472A222","1_FP1_FL140817_C63","96 well plate","FP1_FL140817","C:6",,,,"mRNA-Full-Length",,,,,,,,,,"75bp","Mus musculus",,,0.421907124617142,"Harvested cDNA","Illumina HiSeq 4000",3000000,,,"C1-96",,,,"Paired End",,,15,,,"Smart-Seq V4, ERCC SPIKE-IN",
"PRO472A223","0_FP1_FL140817_C18","96 well plate","FP1_FL140817","C:7",,,,"mRNA-Full-Length",,,,,,,,,,"75bp","Mus musculus",,,-0.044275497806523,"Harvested cDNA","Illumina HiSeq 4000",3000000,,,"C1-96",,,,"Paired End",,,15,,,"Smart-Seq V4, ERCC SPIKE-IN",
"PRO472A224","C_FP1_FL140817_C17","96 well plate","FP1_FL140817","C:8",,,,"mRNA-Full-Length",,,,,,,,,,"75bp","Mus musculus",,,0.368005063548995,"Harvested cDNA","Illumina HiSeq 4000",3000000,,,"C1-96",,,,"Paired End",,,15,,,"Smart-Seq V4, ERCC SPIKE-IN",
"PRO472A225","1+D_FP1_FL140817_C16","96 well plate","FP1_FL140817","C:9",,,,"mRNA-Full-Length",,,,,,,,,,"75bp","Mus musculus",,,-0.022828166718806,"Harvested cDNA","Illumina HiSeq 4000",3000000,,,"C1-96",,,,"Paired End",,,15,,,"Smart-Seq V4, ERCC SPIKE-IN",
"PRO472A226","1_FP1_FL140817_C64","96 well plate","FP1_FL140817","C:10",,,,"mRNA-Full-Length",,,,,,,,,,"75bp","Mus musculus",,,-0.04121990789579,"Harvested cDNA","Illumina HiSeq 4000",3000000,,,"C1-96",,,,"Paired End",,,15,,,"Smart-Seq V4, ERCC SPIKE-IN",
"PRO472A227","1S_FP1_FL140817_C65","96 well plate","FP1_FL140817","C:11",,,,"mRNA-Full-Length",,,,,,,,,,"75bp","Mus musculus",,,-0.083819196379854,"Harvested cDNA","Illumina HiSeq 4000",3000000,,,"C1-96",,,,"Paired End",,,15,,,"Smart-Seq V4, ERCC SPIKE-IN",
"PRO472A228","1S_FP1_FL140817_C66","96 well plate","FP1_FL140817","C:12",,,,"mRNA-Full-Length",,,,,,,,,,"75bp","Mus musculus",,,-0.07941041665151,"Harvested cDNA","Illumina HiSeq 4000",3000000,,,"C1-96",,,,"Paired End",,,15,,,"Smart-Seq V4, ERCC SPIKE-IN",
"PRO472A229","1S_FP1_FL140817_C21","96 well plate","FP1_FL140817","D:1",,,,"mRNA-Full-Length",,,,,,,,,,"75bp","Mus musculus",,,0.100659861916437,"Harvested cDNA","Illumina HiSeq 4000",3000000,,,"C1-96",,,,"Paired End",,,15,,,"Smart-Seq V4, ERCC SPIKE-IN",
"PRO472A230","1S_FP1_FL140817_C20","96 well plate","FP1_FL140817","D:2",,,,"mRNA-Full-Length",,,,,,,,,,"75bp","Mus musculus",,,0.101124020574305,"Harvested cDNA","Illumina HiSeq 4000",3000000,,,"C1-96",,,,"Paired End",,,15,,,"Smart-Seq V4, ERCC SPIKE-IN",
"PRO472A231","0_FP1_FL140817_C19","96 well plate","FP1_FL140817","D:3",,,,"mRNA-Full-Length",,,,,,,,,,"75bp","Mus musculus",,,-0.007863051370287,"Harvested cDNA","Illumina HiSeq 4000",3000000,,,"C1-96",,,,"Paired End",,,15,,,"Smart-Seq V4, ERCC SPIKE-IN",
"PRO472A232","1_FP1_FL140817_C67","96 well plate","FP1_FL140817","D:4",,,,"mRNA-Full-Length",,,,,,,,,,"75bp","Mus musculus",,,0.114225226077277,"Harvested cDNA","Illumina HiSeq 4000",3000000,,,"C1-96",,,,"Paired End",,,15,,,"Smart-Seq V4, ERCC SPIKE-IN",
"PRO472A233","0_FP1_FL140817_C68","96 well plate","FP1_FL140817","D:5",,,,"mRNA-Full-Length",,,,,,,,,,"75bp","Mus musculus",,,-0.043336995191084,"Harvested cDNA","Illumina HiSeq 4000",3000000,,,"C1-96",,,,"Paired End",,,15,,,"Smart-Seq V4, ERCC SPIKE-IN",
"PRO472A234","0_FP1_FL140817_C69","96 well plate","FP1_FL140817","D:6",,,,"mRNA-Full-Length",,,,,,,,,,"75bp","Mus musculus",,,-0.045496278728002,"Harvested cDNA","Illumina HiSeq 4000",3000000,,,"C1-96",,,,"Paired End",,,15,,,"Smart-Seq V4, ERCC SPIKE-IN",
"PRO472A235","1_FP1_FL140817_C24","96 well plate","FP1_FL140817","D:7",,,,"mRNA-Full-Length",,,,,,,,,,"75bp","Mus musculus",,,0.276976130022626,"Harvested cDNA","Illumina HiSeq 4000",3000000,,,"C1-96",,,,"Paired End",,,15,,,"Smart-Seq V4, ERCC SPIKE-IN",
"PRO472A236","1_FP1_FL140817_C23","96 well plate","FP1_FL140817","D:8",,,,"mRNA-Full-Length",,,,,,,,,,"75bp","Mus musculus",,,0.06325507628062,"Harvested cDNA","Illumina HiSeq 4000",3000000,,,"C1-96",,,,"Paired End",,,15,,,"Smart-Seq V4, ERCC SPIKE-IN",
"PRO472A237","1_FP1_FL140817_C22","96 well plate","FP1_FL140817","D:9",,,,"mRNA-Full-Length",,,,,,,,,,"75bp","Mus musculus",,,0.212354768539064,"Harvested cDNA","Illumina HiSeq 4000",3000000,,,"C1-96",,,,"Paired End",,,15,,,"Smart-Seq V4, ERCC SPIKE-IN",
"PRO472A238","0_FP1_FL140817_C70","96 well plate","FP1_FL140817","D:10",,,,"mRNA-Full-Length",,,,,,,,,,"75bp","Mus musculus",,,-0.0265559864099,"Harvested cDNA","Illumina HiSeq 4000",3000000,,,"C1-96",,,,"Paired End",,,15,,,"Smart-Seq V4, ERCC SPIKE-IN",
"PRO472A239","1_FP1_FL140817_C71","96 well plate","FP1_FL140817","D:11",,,,"mRNA-Full-Length",,,,,,,,,,"75bp","Mus musculus",,,0.654015554407688,"Harvested cDNA","Illumina HiSeq 4000",3000000,,,"C1-96",,,,"Paired End",,,15,,,"Smart-Seq V4, ERCC SPIKE-IN",
"PRO472A240","2_FP1_FL140817_C72","96 well plate","FP1_FL140817","D:12",,,,"mRNA-Full-Length",,,,,,,,,,"75bp","Mus musculus",,,0.017821364393647,"Harvested cDNA","Illumina HiSeq 4000",3000000,,,"C1-96",,,,"Paired End",,,15,,,"Smart-Seq V4, ERCC SPIKE-IN",
"PRO472A241","1?_FP1_FL140817_C25","96 well plate","FP1_FL140817","E:1",,,,"mRNA-Full-Length",,,,,,,,,,"75bp","Mus musculus",,,0.00406247953846,"Harvested cDNA","Illumina HiSeq 4000",3000000,,,"C1-96",,,,"Paired End",,,15,,,"Smart-Seq V4, ERCC SPIKE-IN",
"PRO472A242","1L_FP1_FL140817_C26","96 well plate","FP1_FL140817","E:2",,,,"mRNA-Full-Length",,,,,,,,,,"75bp","Mus musculus",,,0.121017365935993,"Harvested cDNA","Illumina HiSeq 4000",3000000,,,"C1-96",,,,"Paired End",,,15,,,"Smart-Seq V4, ERCC SPIKE-IN",
"PRO472A243","1_FP1_FL140817_C27","96 well plate","FP1_FL140817","E:3",,,,"mRNA-Full-Length",,,,,,,,,,"75bp","Mus musculus",,,0.085814060078718,"Harvested cDNA","Illumina HiSeq 4000",3000000,,,"C1-96",,,,"Paired End",,,15,,,"Smart-Seq V4, ERCC SPIKE-IN",
"PRO472A244","1B_FP1_FL140817_C75","96 well plate","FP1_FL140817","E:4",,,,"mRNA-Full-Length",,,,,,,,,,"75bp","Mus musculus",,,0.552991931787593,"Harvested cDNA","Illumina HiSeq 4000",3000000,,,"C1-96",,,,"Paired End",,,15,,,"Smart-Seq V4, ERCC SPIKE-IN",
"PRO472A245","1S_FP1_FL140817_C74","96 well plate","FP1_FL140817","E:5",,,,"mRNA-Full-Length",,,,,,,,,,"75bp","Mus musculus",,,-0.027477028511564,"Harvested cDNA","Illumina HiSeq 4000",3000000,,,"C1-96",,,,"Paired End",,,15,,,"Smart-Seq V4, ERCC SPIKE-IN",
"PRO472A246","2_FP1_FL140817_C73","96 well plate","FP1_FL140817","E:6",,,,"mRNA-Full-Length",,,,,,,,,,"75bp","Mus musculus",,,0.071460062712345,"Harvested cDNA","Illumina HiSeq 4000",3000000,,,"C1-96",,,,"Paired End",,,15,,,"Smart-Seq V4, ERCC SPIKE-IN",
"PRO472A247","1S_FP1_FL140817_C28","96 well plate","FP1_FL140817","E:7",,,,"mRNA-Full-Length",,,,,,,,,,"75bp","Mus musculus",,,-0.041391602947917,"Harvested cDNA","Illumina HiSeq 4000",3000000,,,"C1-96",,,,"Paired End",,,15,,,"Smart-Seq V4, ERCC SPIKE-IN",
"PRO472A248","1_FP1_FL140817_C29","96 well plate","FP1_FL140817","E:8",,,,"mRNA-Full-Length",,,,,,,,,,"75bp","Mus musculus",,,-0.020062130328185,"Harvested cDNA","Illumina HiSeq 4000",3000000,,,"C1-96",,,,"Paired End",,,15,,,"Smart-Seq V4, ERCC SPIKE-IN",
"PRO472A249","1_FP1_FL140817_C30","96 well plate","FP1_FL140817","E:9",,,,"mRNA-Full-Length",,,,,,,,,,"75bp","Mus musculus",,,0.229748350345209,"Harvested cDNA","Illumina HiSeq 4000",3000000,,,"C1-96",,,,"Paired End",,,15,,,"Smart-Seq V4, ERCC SPIKE-IN",
"PRO472A250","1_FP1_FL140817_C78","96 well plate","FP1_FL140817","E:10",,,,"mRNA-Full-Length",,,,,,,,,,"75bp","Mus musculus",,,0.033879216895957,"Harvested cDNA","Illumina HiSeq 4000",3000000,,,"C1-96",,,,"Paired End",,,15,,,"Smart-Seq V4, ERCC SPIKE-IN",
"PRO472A251","1_FP1_FL140817_C77","96 well plate","FP1_FL140817","E:11",,,,"mRNA-Full-Length",,,,,,,,,,"75bp","Mus musculus",,,0.037857303951169,"Harvested cDNA","Illumina HiSeq 4000",3000000,,,"C1-96",,,,"Paired End",,,15,,,"Smart-Seq V4, ERCC SPIKE-IN",
"PRO472A252","1?_FP1_FL140817_C76","96 well plate","FP1_FL140817","E:12",,,,"mRNA-Full-Length",,,,,,,,,,"75bp","Mus musculus",,,-0.073131906906361,"Harvested cDNA","Illumina HiSeq 4000",3000000,,,"C1-96",,,,"Paired End",,,15,,,"Smart-Seq V4, ERCC SPIKE-IN",
"PRO472A253","2_FP1_FL140817_C31","96 well plate","FP1_FL140817","F:1",,,,"mRNA-Full-Length",,,,,,,,,,"75bp","Mus musculus",,,0.012283471441147,"Harvested cDNA","Illumina HiSeq 4000",3000000,,,"C1-96",,,,"Paired End",,,15,,,"Smart-Seq V4, ERCC SPIKE-IN",
"PRO472A254","1_FP1_FL140817_C32","96 well plate","FP1_FL140817","F:2",,,,"mRNA-Full-Length",,,,,,,,,,"75bp","Mus musculus",,,-0.049219733290652,"Harvested cDNA","Illumina HiSeq 4000",3000000,,,"C1-96",,,,"Paired End",,,15,,,"Smart-Seq V4, ERCC SPIKE-IN",
"PRO472A255","1_FP1_FL140817_C33","96 well plate","FP1_FL140817","F:3",,,,"mRNA-Full-Length",,,,,,,,,,"75bp","Mus musculus",,,0.164316530013896,"Harvested cDNA","Illumina HiSeq 4000",3000000,,,"C1-96",,,,"Paired End",,,15,,,"Smart-Seq V4, ERCC SPIKE-IN",
"PRO472A256","1_FP1_FL140817_C81","96 well plate","FP1_FL140817","F:4",,,,"mRNA-Full-Length",,,,,,,,,,"75bp","Mus musculus",,,0.379144871337839,"Harvested cDNA","Illumina HiSeq 4000",3000000,,,"C1-96",,,,"Paired End",,,15,,,"Smart-Seq V4, ERCC SPIKE-IN",
"PRO472A257","1_FP1_FL140817_C80","96 well plate","FP1_FL140817","F:5",,,,"mRNA-Full-Length",,,,,,,,,,"75bp","Mus musculus",,,0.157544760754585,"Harvested cDNA","Illumina HiSeq 4000",3000000,,,"C1-96",,,,"Paired End",,,15,,,"Smart-Seq V4, ERCC SPIKE-IN",
"PRO472A258","1_FP1_FL140817_C79","96 well plate","FP1_FL140817","F:6",,,,"mRNA-Full-Length",,,,,,,,,,"75bp","Mus musculus",,,-0.025521450968695,"Harvested cDNA","Illumina HiSeq 4000",3000000,,,"C1-96",,,,"Paired End",,,15,,,"Smart-Seq V4, ERCC SPIKE-IN",
"PRO472A259","1_FP1_FL140817_C34","96 well plate","FP1_FL140817","F:7",,,,"mRNA-Full-Length",,,,,,,,,,"75bp","Mus musculus",,,0.139553156351626,"Harvested cDNA","Illumina HiSeq 4000",3000000,,,"C1-96",,,,"Paired End",,,15,,,"Smart-Seq V4, ERCC SPIKE-IN",
"PRO472A260","C_FP1_FL140817_C35","96 well plate","FP1_FL140817","F:8",,,,"mRNA-Full-Length",,,,,,,,,,"75bp","Mus musculus",,,0.389130830174678,"Harvested cDNA","Illumina HiSeq 4000",3000000,,,"C1-96",,,,"Paired End",,,15,,,"Smart-Seq V4, ERCC SPIKE-IN",
"PRO472A261","C_FP1_FL140817_C36","96 well plate","FP1_FL140817","F:9",,,,"mRNA-Full-Length",,,,,,,,,,"75bp","Mus musculus",,,0.32321739067172,"Harvested cDNA","Illumina HiSeq 4000",3000000,,,"C1-96",,,,"Paired End",,,15,,,"Smart-Seq V4, ERCC SPIKE-IN",
"PRO472A262","0_FP1_FL140817_C84","96 well plate","FP1_FL140817","F:10",,,,"mRNA-Full-Length",,,,,,,,,,"75bp","Mus musculus",,,-0.065849417619114,"Harvested cDNA","Illumina HiSeq 4000",3000000,,,"C1-96",,,,"Paired End",,,15,,,"Smart-Seq V4, ERCC SPIKE-IN",
"PRO472A263","0_FP1_FL140817_C83","96 well plate","FP1_FL140817","F:11",,,,"mRNA-Full-Length",,,,,,,,,,"75bp","Mus musculus",,,-0.019557230471507,"Harvested cDNA","Illumina HiSeq 4000",3000000,,,"C1-96",,,,"Paired End",,,15,,,"Smart-Seq V4, ERCC SPIKE-IN",
"PRO472A264","1_FP1_FL140817_C82","96 well plate","FP1_FL140817","F:12",,,,"mRNA-Full-Length",,,,,,,,,,"75bp","Mus musculus",,,0.152711108524368,"Harvested cDNA","Illumina HiSeq 4000",3000000,,,"C1-96",,,,"Paired End",,,15,,,"Smart-Seq V4, ERCC SPIKE-IN",
"PRO472A265","1_FP1_FL140817_C37","96 well plate","FP1_FL140817","G:1",,,,"mRNA-Full-Length",,,,,,,,,,"75bp","Mus musculus",,,0.103571402588521,"Harvested cDNA","Illumina HiSeq 4000",3000000,,,"C1-96",,,,"Paired End",,,15,,,"Smart-Seq V4, ERCC SPIKE-IN",
"PRO472A266","1S_FP1_FL140817_C38","96 well plate","FP1_FL140817","G:2",,,,"mRNA-Full-Length",,,,,,,,,,"75bp","Mus musculus",,,0.01661658894313,"Harvested cDNA","Illumina HiSeq 4000",3000000,,,"C1-96",,,,"Paired End",,,15,,,"Smart-Seq V4, ERCC SPIKE-IN",
"PRO472A267","1_FP1_FL140817_C39","96 well plate","FP1_FL140817","G:3",,,,"mRNA-Full-Length",,,,,,,,,,"75bp","Mus musculus",,,0.052177835332805,"Harvested cDNA","Illumina HiSeq 4000",3000000,,,"C1-96",,,,"Paired End",,,15,,,"Smart-Seq V4, ERCC SPIKE-IN",
"PRO472A268","1_FP1_FL140817_C87","96 well plate","FP1_FL140817","G:4",,,,"mRNA-Full-Length",,,,,,,,,,"75bp","Mus musculus",,,-0.011279491899049,"Harvested cDNA","Illumina HiSeq 4000",3000000,,,"C1-96",,,,"Paired End",,,15,,,"Smart-Seq V4, ERCC SPIKE-IN",
"PRO472A269","1_FP1_FL140817_C86","96 well plate","FP1_FL140817","G:5",,,,"mRNA-Full-Length",,,,,,,,,,"75bp","Mus musculus",,,0.128005936574684,"Harvested cDNA","Illumina HiSeq 4000",3000000,,,"C1-96",,,,"Paired End",,,15,,,"Smart-Seq V4, ERCC SPIKE-IN",
"PRO472A270","1B_FP1_FL140817_C85","96 well plate","FP1_FL140817","G:6",,,,"mRNA-Full-Length",,,,,,,,,,"75bp","Mus musculus",,,1.540107527664,"Harvested cDNA","Illumina HiSeq 4000",3000000,,,"C1-96",,,,"Paired End",,,15,,,"Smart-Seq V4, ERCC SPIKE-IN",
"PRO472A271","1_FP1_FL140817_C40","96 well plate","FP1_FL140817","G:7",,,,"mRNA-Full-Length",,,,,,,,,,"75bp","Mus musculus",,,-0.034954493535972,"Harvested cDNA","Illumina HiSeq 4000",3000000,,,"C1-96",,,,"Paired End",,,15,,,"Smart-Seq V4, ERCC SPIKE-IN",
"PRO472A272","1S_FP1_FL140817_C41","96 well plate","FP1_FL140817","G:8",,,,"mRNA-Full-Length",,,,,,,,,,"75bp","Mus musculus",,,0.001418666744269,"Harvested cDNA","Illumina HiSeq 4000",3000000,,,"C1-96",,,,"Paired End",,,15,,,"Smart-Seq V4, ERCC SPIKE-IN",
"PRO472A273","1_FP1_FL140817_C42","96 well plate","FP1_FL140817","G:9",,,,"mRNA-Full-Length",,,,,,,,,,"75bp","Mus musculus",,,0.253226921202156,"Harvested cDNA","Illumina HiSeq 4000",3000000,,,"C1-96",,,,"Paired End",,,15,,,"Smart-Seq V4, ERCC SPIKE-IN",
"PRO472A274","0_FP1_FL140817_C90","96 well plate","FP1_FL140817","G:10",,,,"mRNA-Full-Length",,,,,,,,,,"75bp","Mus musculus",,,-0.02067906848159,"Harvested cDNA","Illumina HiSeq 4000",3000000,,,"C1-96",,,,"Paired End",,,15,,,"Smart-Seq V4, ERCC SPIKE-IN",
"PRO472A275","0_FP1_FL140817_C89","96 well plate","FP1_FL140817","G:11",,,,"mRNA-Full-Length",,,,,,,,,,"75bp","Mus musculus",,,-0.075470160709479,"Harvested cDNA","Illumina HiSeq 4000",3000000,,,"C1-96",,,,"Paired End",,,15,,,"Smart-Seq V4, ERCC SPIKE-IN",
"PRO472A276","1?_FP1_FL140817_C88","96 well plate","FP1_FL140817","G:12",,,,"mRNA-Full-Length",,,,,,,,,,"75bp","Mus musculus",,,-0.001775152233855,"Harvested cDNA","Illumina HiSeq 4000",3000000,,,"C1-96",,,,"Paired End",,,15,,,"Smart-Seq V4, ERCC SPIKE-IN",
"PRO472A277","1_FP1_FL140817_C43","96 well plate","FP1_FL140817","H:1",,,,"mRNA-Full-Length",,,,,,,,,,"75bp","Mus musculus",,,-0.041132605326912,"Harvested cDNA","Illumina HiSeq 4000",3000000,,,"C1-96",,,,"Paired End",,,15,,,"Smart-Seq V4, ERCC SPIKE-IN",
"PRO472A278","1_FP1_FL140817_C44","96 well plate","FP1_FL140817","H:2",,,,"mRNA-Full-Length",,,,,,,,,,"75bp","Mus musculus",,,0.135743854262912,"Harvested cDNA","Illumina HiSeq 4000",3000000,,,"C1-96",,,,"Paired End",,,15,,,"Smart-Seq V4, ERCC SPIKE-IN",
"PRO472A279","1_FP1_FL140817_C45","96 well plate","FP1_FL140817","H:3",,,,"mRNA-Full-Length",,,,,,,,,,"75bp","Mus musculus",,,0.111134715138993,"Harvested cDNA","Illumina HiSeq 4000",3000000,,,"C1-96",,,,"Paired End",,,15,,,"Smart-Seq V4, ERCC SPIKE-IN",
"PRO472A280","1_FP1_FL140817_C93","96 well plate","FP1_FL140817","H:4",,,,"mRNA-Full-Length",,,,,,,,,,"75bp","Mus musculus",,,0.008565837049755,"Harvested cDNA","Illumina HiSeq 4000",3000000,,,"C1-96",,,,"Paired End",,,15,,,"Smart-Seq V4, ERCC SPIKE-IN",
"PRO472A281","2_FP1_FL140817_C92","96 well plate","FP1_FL140817","H:5",,,,"mRNA-Full-Length",,,,,,,,,,"75bp","Mus musculus",,,-0.063099386699454,"Harvested cDNA","Illumina HiSeq 4000",3000000,,,"C1-96",,,,"Paired End",,,15,,,"Smart-Seq V4, ERCC SPIKE-IN",
"PRO472A282","1_FP1_FL140817_C91","96 well plate","FP1_FL140817","H:6",,,,"mRNA-Full-Length",,,,,,,,,,"75bp","Mus musculus",,,0.148529315475108,"Harvested cDNA","Illumina HiSeq 4000",3000000,,,"C1-96",,,,"Paired End",,,15,,,"Smart-Seq V4, ERCC SPIKE-IN",
"PRO472A283","2_FP1_FL140817_C46","96 well plate","FP1_FL140817","H:7",,,,"mRNA-Full-Length",,,,,,,,,,"75bp","Mus musculus",,,0.528809120208362,"Harvested cDNA","Illumina HiSeq 4000",3000000,,,"C1-96",,,,"Paired End",,,15,,,"Smart-Seq V4, ERCC SPIKE-IN",
"PRO472A284","3_FP1_FL140817_C47","96 well plate","FP1_FL140817","H:8",,,,"mRNA-Full-Length",,,,,,,,,,"75bp","Mus musculus",,,0.276557077692011,"Harvested cDNA","Illumina HiSeq 4000",3000000,,,"C1-96",,,,"Paired End",,,15,,,"Smart-Seq V4, ERCC SPIKE-IN",
"PRO472A285","C_FP1_FL140817_C48","96 well plate","FP1_FL140817","H:9",,,,"mRNA-Full-Length",,,,,,,,,,"75bp","Mus musculus",,,0.577145642510531,"Harvested cDNA","Illumina HiSeq 4000",3000000,,,"C1-96",,,,"Paired End",,,15,,,"Smart-Seq V4, ERCC SPIKE-IN",
"PRO472A286","C_FP1_FL140817_C96","96 well plate","FP1_FL140817","H:10",,,,"mRNA-Full-Length",,,,,,,,,,"75bp","Mus musculus",,,0.135607080238336,"Harvested cDNA","Illumina HiSeq 4000",3000000,,,"C1-96",,,,"Paired End",,,15,,,"Smart-Seq V4, ERCC SPIKE-IN",
"PRO472A287","C_FP1_FL140817_C95","96 well plate","FP1_FL140817","H:11",,,,"mRNA-Full-Length",,,,,,,,,,"75bp","Mus musculus",,,0.127655271256357,"Harvested cDNA","Illumina HiSeq 4000",3000000,,,"C1-96",,,,"Paired End",,,15,,,"Smart-Seq V4, ERCC SPIKE-IN",
"PRO472A288","0_FP1_FL140817_C94","96 well plate","FP1_FL140817","H:12",,,,"mRNA-Full-Length",,,,,,,,,,"75bp","Mus musculus",,,-0.073505852909722,"Harvested cDNA","Illumina HiSeq 4000",3000000,,,"C1-96",,,,"Paired End",,,15,,,"Smart-Seq V4, ERCC SPIKE-IN",
"PRO472A97","0_FP2_FL020817_C03","96 well plate","FP2_FL020817","A:1",,,,"mRNA-Full-Length",,,,,,,,,,"75bp","Mus musculus",,,-0.049937069398267,"Harvested cDNA","Illumina HiSeq 4000",3000000,,,"C1-96",,,,"Paired End",,,15,,,"Smart-Seq V4, ERCC SPIKE-IN",
"PRO472A98","0_FP2_FL020817_C02","96 well plate","FP2_FL020817","A:2",,,,"mRNA-Full-Length",,,,,,,,,,"75bp","Mus musculus",,,-0.01452278233287,"Harvested cDNA","Illumina HiSeq 4000",3000000,,,"C1-96",,,,"Paired End",,,15,,,"Smart-Seq V4, ERCC SPIKE-IN",
"PRO472A99","0_FP2_FL020817_C01","96 well plate","FP2_FL020817","A:3",,,,"mRNA-Full-Length",,,,,,,,,,"75bp","Mus musculus",,,-0.031251409572727,"Harvested cDNA","Illumina HiSeq 4000",3000000,,,"C1-96",,,,"Paired End",,,15,,,"Smart-Seq V4, ERCC SPIKE-IN",
"PRO472A100","0_FP2_FL020817_C49","96 well plate","FP2_FL020817","A:4",,,,"mRNA-Full-Length",,,,,,,,,,"75bp","Mus musculus",,,-0.045538474969626,"Harvested cDNA","Illumina HiSeq 4000",3000000,,,"C1-96",,,,"Paired End",,,15,,,"Smart-Seq V4, ERCC SPIKE-IN",
"PRO472A101","0_FP2_FL020817_C50","96 well plate","FP2_FL020817","A:5",,,,"mRNA-Full-Length",,,,,,,,,,"75bp","Mus musculus",,,-0.033256458571294,"Harvested cDNA","Illumina HiSeq 4000",3000000,,,"C1-96",,,,"Paired End",,,15,,,"Smart-Seq V4, ERCC SPIKE-IN",
"PRO472A102","0_FP2_FL020817_C51","96 well plate","FP2_FL020817","A:6",,,,"mRNA-Full-Length",,,,,,,,,,"75bp","Mus musculus",,,0.193997948389631,"Harvested cDNA","Illumina HiSeq 4000",3000000,,,"C1-96",,,,"Paired End",,,15,,,"Smart-Seq V4, ERCC SPIKE-IN",
"PRO472A103","0_FP2_FL020817_C06","96 well plate","FP2_FL020817","A:7",,,,"mRNA-Full-Length",,,,,,,,,,"75bp","Mus musculus",,,-0.089931831244134,"Harvested cDNA","Illumina HiSeq 4000",3000000,,,"C1-96",,,,"Paired End",,,15,,,"Smart-Seq V4, ERCC SPIKE-IN",
"PRO472A104","0_FP2_FL020817_C05","96 well plate","FP2_FL020817","A:8",,,,"mRNA-Full-Length",,,,,,,,,,"75bp","Mus musculus",,,0.07536685266964,"Harvested cDNA","Illumina HiSeq 4000",3000000,,,"C1-96",,,,"Paired End",,,15,,,"Smart-Seq V4, ERCC SPIKE-IN",
"PRO472A105","0_FP2_FL020817_C04","96 well plate","FP2_FL020817","A:9",,,,"mRNA-Full-Length",,,,,,,,,,"75bp","Mus musculus",,,-0.022707398165191,"Harvested cDNA","Illumina HiSeq 4000",3000000,,,"C1-96",,,,"Paired End",,,15,,,"Smart-Seq V4, ERCC SPIKE-IN",
"PRO472A106","0_FP2_FL020817_C52","96 well plate","FP2_FL020817","A:10",,,,"mRNA-Full-Length",,,,,,,,,,"75bp","Mus musculus",,,0.309043818614363,"Harvested cDNA","Illumina HiSeq 4000",3000000,,,"C1-96",,,,"Paired End",,,15,,,"Smart-Seq V4, ERCC SPIKE-IN",
"PRO472A107","0_FP2_FL020817_C53","96 well plate","FP2_FL020817","A:11",,,,"mRNA-Full-Length",,,,,,,,,,"75bp","Mus musculus",,,-0.037212719984286,"Harvested cDNA","Illumina HiSeq 4000",3000000,,,"C1-96",,,,"Paired End",,,15,,,"Smart-Seq V4, ERCC SPIKE-IN",
"PRO472A108","0_FP2_FL020817_C54","96 well plate","FP2_FL020817","A:12",,,,"mRNA-Full-Length",,,,,,,,,,"75bp","Mus musculus",,,-0.045846944046329,"Harvested cDNA","Illumina HiSeq 4000",3000000,,,"C1-96",,,,"Paired End",,,15,,,"Smart-Seq V4, ERCC SPIKE-IN",
"PRO472A109","0_FP2_FL020817_C09","96 well plate","FP2_FL020817","B:1",,,,"mRNA-Full-Length",,,,,,,,,,"75bp","Mus musculus",,,0.062982983274283,"Harvested cDNA","Illumina HiSeq 4000",3000000,,,"C1-96",,,,"Paired End",,,15,,,"Smart-Seq V4, ERCC SPIKE-IN",
"PRO472A110","0_FP2_FL020817_C08","96 well plate","FP2_FL020817","B:2",,,,"mRNA-Full-Length",,,,,,,,,,"75bp","Mus musculus",,,-0.013641026387202,"Harvested cDNA","Illumina HiSeq 4000",3000000,,,"C1-96",,,,"Paired End",,,15,,,"Smart-Seq V4, ERCC SPIKE-IN",
"PRO472A111","0_FP2_FL020817_C07","96 well plate","FP2_FL020817","B:3",,,,"mRNA-Full-Length",,,,,,,,,,"75bp","Mus musculus",,,-0.019052330614829,"Harvested cDNA","Illumina HiSeq 4000",3000000,,,"C1-96",,,,"Paired End",,,15,,,"Smart-Seq V4, ERCC SPIKE-IN",
"PRO472A112","0_FP2_FL020817_C55","96 well plate","FP2_FL020817","B:4",,,,"mRNA-Full-Length",,,,,,,,,,"75bp","Mus musculus",,,0.124705899471092,"Harvested cDNA","Illumina HiSeq 4000",3000000,,,"C1-96",,,,"Paired End",,,15,,,"Smart-Seq V4, ERCC SPIKE-IN",
"PRO472A113","1_FP2_FL020817_C56","96 well plate","FP2_FL020817","B:5",,,,"mRNA-Full-Length",,,,,,,,,,"75bp","Mus musculus",,,0.081696288913301,"Harvested cDNA","Illumina HiSeq 4000",3000000,,,"C1-96",,,,"Paired End",,,15,,,"Smart-Seq V4, ERCC SPIKE-IN",
"PRO472A114","1_FP2_FL020817_C57","96 well plate","FP2_FL020817","B:6",,,,"mRNA-Full-Length",,,,,,,,,,"75bp","Mus musculus",,,0.006322161029588,"Harvested cDNA","Illumina HiSeq 4000",3000000,,,"C1-96",,,,"Paired End",,,15,,,"Smart-Seq V4, ERCC SPIKE-IN",
"PRO472A115","0_FP2_FL020817_C12","96 well plate","FP2_FL020817","B:7",,,,"mRNA-Full-Length",,,,,,,,,,"75bp","Mus musculus",,,-0.035670374600773,"Harvested cDNA","Illumina HiSeq 4000",3000000,,,"C1-96",,,,"Paired End",,,15,,,"Smart-Seq V4, ERCC SPIKE-IN",
"PRO472A116","0_FP2_FL020817_C11","96 well plate","FP2_FL020817","B:8",,,,"mRNA-Full-Length",,,,,,,,,,"75bp","Mus musculus",,,-0.0255418215681,"Harvested cDNA","Illumina HiSeq 4000",3000000,,,"C1-96",,,,"Paired End",,,15,,,"Smart-Seq V4, ERCC SPIKE-IN",
"PRO472A117","0_FP2_FL020817_C10","96 well plate","FP2_FL020817","B:9",,,,"mRNA-Full-Length",,,,,,,,,,"75bp","Mus musculus",,,0.023420369144362,"Harvested cDNA","Illumina HiSeq 4000",3000000,,,"C1-96",,,,"Paired End",,,15,,,"Smart-Seq V4, ERCC SPIKE-IN",
"PRO472A118","0_FP2_FL020817_C58","96 well plate","FP2_FL020817","B:10",,,,"mRNA-Full-Length",,,,,,,,,,"75bp","Mus musculus",,,0.063499523473478,"Harvested cDNA","Illumina HiSeq 4000",3000000,,,"C1-96",,,,"Paired End",,,15,,,"Smart-Seq V4, ERCC SPIKE-IN",
"PRO472A119","2_FP2_FL020817_C59","96 well plate","FP2_FL020817","B:11",,,,"mRNA-Full-Length",,,,,,,,,,"75bp","Mus musculus",,,0.059997235418652,"Harvested cDNA","Illumina HiSeq 4000",3000000,,,"C1-96",,,,"Paired End",,,15,,,"Smart-Seq V4, ERCC SPIKE-IN",
"PRO472A120","0_FP2_FL020817_C60","96 well plate","FP2_FL020817","B:12",,,,"mRNA-Full-Length",,,,,,,,,,"75bp","Mus musculus",,,0.390187191258103,"Harvested cDNA","Illumina HiSeq 4000",3000000,,,"C1-96",,,,"Paired End",,,15,,,"Smart-Seq V4, ERCC SPIKE-IN",
"PRO472A121","0_FP2_FL020817_C15","96 well plate","FP2_FL020817","C:1",,,,"mRNA-Full-Length",,,,,,,,,,"75bp","Mus musculus",,,-0.040745563938219,"Harvested cDNA","Illumina HiSeq 4000",3000000,,,"C1-96",,,,"Paired End",,,15,,,"Smart-Seq V4, ERCC SPIKE-IN",
"PRO472A122","0_FP2_FL020817_C14","96 well plate","FP2_FL020817","C:2",,,,"mRNA-Full-Length",,,,,,,,,,"75bp","Mus musculus",,,-0.037835478308949,"Harvested cDNA","Illumina HiSeq 4000",3000000,,,"C1-96",,,,"Paired End",,,15,,,"Smart-Seq V4, ERCC SPIKE-IN",
"PRO472A123","0_FP2_FL020817_C13","96 well plate","FP2_FL020817","C:3",,,,"mRNA-Full-Length",,,,,,,,,,"75bp","Mus musculus",,,-0.115508573839785,"Harvested cDNA","Illumina HiSeq 4000",3000000,,,"C1-96",,,,"Paired End",,,15,,,"Smart-Seq V4, ERCC SPIKE-IN",
"PRO472A124","0_FP2_FL020817_C61","96 well plate","FP2_FL020817","C:4",,,,"mRNA-Full-Length",,,,,,,,,,"75bp","Mus musculus",,,0.02368955206507,"Harvested cDNA","Illumina HiSeq 4000",3000000,,,"C1-96",,,,"Paired End",,,15,,,"Smart-Seq V4, ERCC SPIKE-IN",
"PRO472A125","0_FP2_FL020817_C62","96 well plate","FP2_FL020817","C:5",,,,"mRNA-Full-Length",,,,,,,,,,"75bp","Mus musculus",,,0.116962161611605,"Harvested cDNA","Illumina HiSeq 4000",3000000,,,"C1-96",,,,"Paired End",,,15,,,"Smart-Seq V4, ERCC SPIKE-IN",
"PRO472A126","0_FP2_FL020817_C63","96 well plate","FP2_FL020817","C:6",,,,"mRNA-Full-Length",,,,,,,,,,"75bp","Mus musculus",,,0.088264352178563,"Harvested cDNA","Illumina HiSeq 4000",3000000,,,"C1-96",,,,"Paired End",,,15,,,"Smart-Seq V4, ERCC SPIKE-IN",
"PRO472A127","0_FP2_FL020817_C18","96 well plate","FP2_FL020817","C:7",,,,"mRNA-Full-Length",,,,,,,,,,"75bp","Mus musculus",,,-0.026769877703652,"Harvested cDNA","Illumina HiSeq 4000",3000000,,,"C1-96",,,,"Paired End",,,15,,,"Smart-Seq V4, ERCC SPIKE-IN",
"PRO472A128","0_FP2_FL020817_C17","96 well plate","FP2_FL020817","C:8",,,,"mRNA-Full-Length",,,,,,,,,,"75bp","Mus musculus",,,0.178270390606244,"Harvested cDNA","Illumina HiSeq 4000",3000000,,,"C1-96",,,,"Paired End",,,15,,,"Smart-Seq V4, ERCC SPIKE-IN",
"PRO472A129","0_FP2_FL020817_C16","96 well plate","FP2_FL020817","C:9",,,,"mRNA-Full-Length",,,,,,,,,,"75bp","Mus musculus",,,-0.026750962147061,"Harvested cDNA","Illumina HiSeq 4000",3000000,,,"C1-96",,,,"Paired End",,,15,,,"Smart-Seq V4, ERCC SPIKE-IN",
"PRO472A130","0_FP2_FL020817_C64","96 well plate","FP2_FL020817","C:10",,,,"mRNA-Full-Length",,,,,,,,,,"75bp","Mus musculus",,,0.067713327464661,"Harvested cDNA","Illumina HiSeq 4000",3000000,,,"C1-96",,,,"Paired End",,,15,,,"Smart-Seq V4, ERCC SPIKE-IN",
"PRO472A131","1_FP2_FL020817_C65","96 well plate","FP2_FL020817","C:11",,,,"mRNA-Full-Length",,,,,,,,,,"75bp","Mus musculus",,,0.069149454722705,"Harvested cDNA","Illumina HiSeq 4000",3000000,,,"C1-96",,,,"Paired End",,,15,,,"Smart-Seq V4, ERCC SPIKE-IN",
"PRO472A132","0_FP2_FL020817_C66","96 well plate","FP2_FL020817","C:12",,,,"mRNA-Full-Length",,,,,,,,,,"75bp","Mus musculus",,,0.01370650331386,"Harvested cDNA","Illumina HiSeq 4000",3000000,,,"C1-96",,,,"Paired End",,,15,,,"Smart-Seq V4, ERCC SPIKE-IN",
"PRO472A133","0_FP2_FL020817_C21","96 well plate","FP2_FL020817","D:1",,,,"mRNA-Full-Length",,,,,,,,,,"75bp","Mus musculus",,,-0.046929495900417,"Harvested cDNA","Illumina HiSeq 4000",3000000,,,"C1-96",,,,"Paired End",,,15,,,"Smart-Seq V4, ERCC SPIKE-IN",
"PRO472A134","0_FP2_FL020817_C20","96 well plate","FP2_FL020817","D:2",,,,"mRNA-Full-Length",,,,,,,,,,"75bp","Mus musculus",,,-0.041027842244258,"Harvested cDNA","Illumina HiSeq 4000",3000000,,,"C1-96",,,,"Paired End",,,15,,,"Smart-Seq V4, ERCC SPIKE-IN",
"PRO472A135","0_FP2_FL020817_C19","96 well plate","FP2_FL020817","D:3",,,,"mRNA-Full-Length",,,,,,,,,,"75bp","Mus musculus",,,-0.028863684313911,"Harvested cDNA","Illumina HiSeq 4000",3000000,,,"C1-96",,,,"Paired End",,,15,,,"Smart-Seq V4, ERCC SPIKE-IN",
"PRO472A136","0_FP2_FL020817_C67","96 well plate","FP2_FL020817","D:4",,,,"mRNA-Full-Length",,,,,,,,,,"75bp","Mus musculus",,,-0.033401962852757,"Harvested cDNA","Illumina HiSeq 4000",3000000,,,"C1-96",,,,"Paired End",,,15,,,"Smart-Seq V4, ERCC SPIKE-IN",
"PRO472A137","0_FP2_FL020817_C68","96 well plate","FP2_FL020817","D:5",,,,"mRNA-Full-Length",,,,,,,,,,"75bp","Mus musculus",,,0.114362000101853,"Harvested cDNA","Illumina HiSeq 4000",3000000,,,"C1-96",,,,"Paired End",,,15,,,"Smart-Seq V4, ERCC SPIKE-IN",
"PRO472A138","1_FP2_FL020817_C69","96 well plate","FP2_FL020817","D:6",,,,"mRNA-Full-Length",,,,,,,,,,"75bp","Mus musculus",,,0.134339737946789,"Harvested cDNA","Illumina HiSeq 4000",3000000,,,"C1-96",,,,"Paired End",,,15,,,"Smart-Seq V4, ERCC SPIKE-IN",
"PRO472A139","0_FP2_FL020817_C24","96 well plate","FP2_FL020817","D:7",,,,"mRNA-Full-Length",,,,,,,,,,"75bp","Mus musculus",,,-0.033975249721723,"Harvested cDNA","Illumina HiSeq 4000",3000000,,,"C1-96",,,,"Paired End",,,15,,,"Smart-Seq V4, ERCC SPIKE-IN",
"PRO472A140","0_FP2_FL020817_C23","96 well plate","FP2_FL020817","D:8",,,,"mRNA-Full-Length",,,,,,,,,,"75bp","Mus musculus",,,0.033212807286854,"Harvested cDNA","Illumina HiSeq 4000",3000000,,,"C1-96",,,,"Paired End",,,15,,,"Smart-Seq V4, ERCC SPIKE-IN",
"PRO472A141","0_FP2_FL020817_C22","96 well plate","FP2_FL020817","D:9",,,,"mRNA-Full-Length",,,,,,,,,,"75bp","Mus musculus",,,0.010153288760522,"Harvested cDNA","Illumina HiSeq 4000",3000000,,,"C1-96",,,,"Paired End",,,15,,,"Smart-Seq V4, ERCC SPIKE-IN",
"PRO472A142","1_FP2_FL020817_C70","96 well plate","FP2_FL020817","D:10",,,,"mRNA-Full-Length",,,,,,,,,,"75bp","Mus musculus",,,-0.048045513739242,"Harvested cDNA","Illumina HiSeq 4000",3000000,,,"C1-96",,,,"Paired End",,,15,,,"Smart-Seq V4, ERCC SPIKE-IN",
"PRO472A143","1_FP2_FL020817_C71","96 well plate","FP2_FL020817","D:11",,,,"mRNA-Full-Length",,,,,,,,,,"75bp","Mus musculus",,,0.087833659505431,"Harvested cDNA","Illumina HiSeq 4000",3000000,,,"C1-96",,,,"Paired End",,,15,,,"Smart-Seq V4, ERCC SPIKE-IN",
"PRO472A144","1_FP2_FL020817_C72","96 well plate","FP2_FL020817","D:12",,,,"mRNA-Full-Length",,,,,,,,,,"75bp","Mus musculus",,,0.281910180207053,"Harvested cDNA","Illumina HiSeq 4000",3000000,,,"C1-96",,,,"Paired End",,,15,,,"Smart-Seq V4, ERCC SPIKE-IN",
"PRO472A145","0_FP2_FL020817_C25","96 well plate","FP2_FL020817","E:1",,,,"mRNA-Full-Length",,,,,,,,,,"75bp","Mus musculus",,,-0.046383854844929,"Harvested cDNA","Illumina HiSeq 4000",3000000,,,"C1-96",,,,"Paired End",,,15,,,"Smart-Seq V4, ERCC SPIKE-IN",
"PRO472A146","0_FP2_FL020817_C26","96 well plate","FP2_FL020817","E:2",,,,"mRNA-Full-Length",,,,,,,,,,"75bp","Mus musculus",,,-0.039491317032004,"Harvested cDNA","Illumina HiSeq 4000",3000000,,,"C1-96",,,,"Paired End",,,15,,,"Smart-Seq V4, ERCC SPIKE-IN",
"PRO472A147","0_FP2_FL020817_C27","96 well plate","FP2_FL020817","E:3",,,,"mRNA-Full-Length",,,,,,,,,,"75bp","Mus musculus",,,-0.011785846798542,"Harvested cDNA","Illumina HiSeq 4000",3000000,,,"C1-96",,,,"Paired End",,,15,,,"Smart-Seq V4, ERCC SPIKE-IN",
"PRO472A148","1_FP2_FL020817_C75","96 well plate","FP2_FL020817","E:4",,,,"mRNA-Full-Length",,,,,,,,,,"75bp","Mus musculus",,,0.17170814751224,"Harvested cDNA","Illumina HiSeq 4000",3000000,,,"C1-96",,,,"Paired End",,,15,,,"Smart-Seq V4, ERCC SPIKE-IN",
"PRO472A149","0_FP2_FL020817_C74","96 well plate","FP2_FL020817","E:5",,,,"mRNA-Full-Length",,,,,,,,,,"75bp","Mus musculus",,,0.03315169548864,"Harvested cDNA","Illumina HiSeq 4000",3000000,,,"C1-96",,,,"Paired End",,,15,,,"Smart-Seq V4, ERCC SPIKE-IN",
"PRO472A150","0_FP2_FL020817_C73","96 well plate","FP2_FL020817","E:6",,,,"mRNA-Full-Length",,,,,,,,,,"75bp","Mus musculus",,,-0.018074541843394,"Harvested cDNA","Illumina HiSeq 4000",3000000,,,"C1-96",,,,"Paired End",,,15,,,"Smart-Seq V4, ERCC SPIKE-IN",
"PRO472A151","0_FP2_FL020817_C28","96 well plate","FP2_FL020817","E:7",,,,"mRNA-Full-Length",,,,,,,,,,"75bp","Mus musculus",,,0.030151397204863,"Harvested cDNA","Illumina HiSeq 4000",3000000,,,"C1-96",,,,"Paired End",,,15,,,"Smart-Seq V4, ERCC SPIKE-IN",
"PRO472A152","0_FP2_FL020817_C29","96 well plate","FP2_FL020817","E:8",,,,"mRNA-Full-Length",,,,,,,,,,"75bp","Mus musculus",,,-0.013253984998509,"Harvested cDNA","Illumina HiSeq 4000",3000000,,,"C1-96",,,,"Paired End",,,15,,,"Smart-Seq V4, ERCC SPIKE-IN",
"PRO472A153","0_FP2_FL020817_C30","96 well plate","FP2_FL020817","E:9",,,,"mRNA-Full-Length",,,,,,,,,,"75bp","Mus musculus",,,0.13985289517144,"Harvested cDNA","Illumina HiSeq 4000",3000000,,,"C1-96",,,,"Paired End",,,15,,,"Smart-Seq V4, ERCC SPIKE-IN",
"PRO472A154","D_FP2_FL020817_C78","96 well plate","FP2_FL020817","E:10",,,,"mRNA-Full-Length",,,,,,,,,,"75bp","Mus musculus",,,-0.049026212596306,"Harvested cDNA","Illumina HiSeq 4000",3000000,,,"C1-96",,,,"Paired End",,,15,,,"Smart-Seq V4, ERCC SPIKE-IN",
"PRO472A155","1_FP2_FL020817_C77","96 well plate","FP2_FL020817","E:11",,,,"mRNA-Full-Length",,,,,,,,,,"75bp","Mus musculus",,,0.080251431398369,"Harvested cDNA","Illumina HiSeq 4000",3000000,,,"C1-96",,,,"Paired End",,,15,,,"Smart-Seq V4, ERCC SPIKE-IN",
"PRO472A156","1_FP2_FL020817_C76","96 well plate","FP2_FL020817","E:12",,,,"mRNA-Full-Length",,,,,,,,,,"75bp","Mus musculus",,,1.26222345092504,"Harvested cDNA","Illumina HiSeq 4000",3000000,,,"C1-96",,,,"Paired End",,,15,,,"Smart-Seq V4, ERCC SPIKE-IN",
"PRO472A157","0_FP2_FL020817_C31","96 well plate","FP2_FL020817","F:1",,,,"mRNA-Full-Length",,,,,,,,,,"75bp","Mus musculus",,,-0.06088190144995,"Harvested cDNA","Illumina HiSeq 4000",3000000,,,"C1-96",,,,"Paired End",,,15,,,"Smart-Seq V4, ERCC SPIKE-IN",
"PRO472A158","0_FP2_FL020817_C32","96 well plate","FP2_FL020817","F:2",,,,"mRNA-Full-Length",,,,,,,,,,"75bp","Mus musculus",,,-0.006392003084691,"Harvested cDNA","Illumina HiSeq 4000",3000000,,,"C1-96",,,,"Paired End",,,15,,,"Smart-Seq V4, ERCC SPIKE-IN",
"PRO472A159","1_FP2_FL020817_C33","96 well plate","FP2_FL020817","F:3",,,,"mRNA-Full-Length",,,,,,,,,,"75bp","Mus musculus",,,0.115671538635024,"Harvested cDNA","Illumina HiSeq 4000",3000000,,,"C1-96",,,,"Paired End",,,15,,,"Smart-Seq V4, ERCC SPIKE-IN",
"PRO472A160","1_FP2_FL020817_C81","96 well plate","FP2_FL020817","F:4",,,,"mRNA-Full-Length",,,,,,,,,,"75bp","Mus musculus",,,0.067321920947524,"Harvested cDNA","Illumina HiSeq 4000",3000000,,,"C1-96",,,,"Paired End",,,15,,,"Smart-Seq V4, ERCC SPIKE-IN",
"PRO472A161","1_FP2_FL020817_C80","96 well plate","FP2_FL020817","F:5",,,,"mRNA-Full-Length",,,,,,,,,,"75bp","Mus musculus",,,-0.011912435523415,"Harvested cDNA","Illumina HiSeq 4000",3000000,,,"C1-96",,,,"Paired End",,,15,,,"Smart-Seq V4, ERCC SPIKE-IN",
"PRO472A162","1_FP2_FL020817_C79","96 well plate","FP2_FL020817","F:6",,,,"mRNA-Full-Length",,,,,,,,,,"75bp","Mus musculus",,,0.008602213120121,"Harvested cDNA","Illumina HiSeq 4000",3000000,,,"C1-96",,,,"Paired End",,,15,,,"Smart-Seq V4, ERCC SPIKE-IN",
"PRO472A163","0_FP2_FL020817_C34","96 well plate","FP2_FL020817","F:7",,,,"mRNA-Full-Length",,,,,,,,,,"75bp","Mus musculus",,,-0.020869679090307,"Harvested cDNA","Illumina HiSeq 4000",3000000,,,"C1-96",,,,"Paired End",,,15,,,"Smart-Seq V4, ERCC SPIKE-IN",
"PRO472A164","1_FP2_FL020817_C35","96 well plate","FP2_FL020817","F:8",,,,"mRNA-Full-Length",,,,,,,,,,"75bp","Mus musculus",,,0.168507053320044,"Harvested cDNA","Illumina HiSeq 4000",3000000,,,"C1-96",,,,"Paired End",,,15,,,"Smart-Seq V4, ERCC SPIKE-IN",
"PRO472A165","0_FP2_FL020817_C36","96 well plate","FP2_FL020817","F:9",,,,"mRNA-Full-Length",,,,,,,,,,"75bp","Mus musculus",,,-0.010703294944454,"Harvested cDNA","Illumina HiSeq 4000",3000000,,,"C1-96",,,,"Paired End",,,15,,,"Smart-Seq V4, ERCC SPIKE-IN",
"PRO472A166","1?_FP2_FL020817_C84","96 well plate","FP2_FL020817","F:10",,,,"mRNA-Full-Length",,,,,,,,,,"75bp","Mus musculus",,,0.030245974987814,"Harvested cDNA","Illumina HiSeq 4000",3000000,,,"C1-96",,,,"Paired End",,,15,,,"Smart-Seq V4, ERCC SPIKE-IN",
"PRO472A167","1_FP2_FL020817_C83","96 well plate","FP2_FL020817","F:11",,,,"mRNA-Full-Length",,,,,,,,,,"75bp","Mus musculus",,,0.084584548900351,"Harvested cDNA","Illumina HiSeq 4000",3000000,,,"C1-96",,,,"Paired End",,,15,,,"Smart-Seq V4, ERCC SPIKE-IN",
"PRO472A168","D_FP2_FL020817_C82","96 well plate","FP2_FL020817","F:12",,,,"mRNA-Full-Length",,,,,,,,,,"75bp","Mus musculus",,,-0.023864157202826,"Harvested cDNA","Illumina HiSeq 4000",3000000,,,"C1-96",,,,"Paired End",,,15,,,"Smart-Seq V4, ERCC SPIKE-IN",
"PRO472A169","0_FP2_FL020817_C37","96 well plate","FP2_FL020817","G:1",,,,"mRNA-Full-Length",,,,,,,,,,"75bp","Mus musculus",,,-0.019902075618575,"Harvested cDNA","Illumina HiSeq 4000",3000000,,,"C1-96",,,,"Paired End",,,15,,,"Smart-Seq V4, ERCC SPIKE-IN",
"PRO472A170","1_FP2_FL020817_C38","96 well plate","FP2_FL020817","G:2",,,,"mRNA-Full-Length",,,,,,,,,,"75bp","Mus musculus",,,0.002965377256226,"Harvested cDNA","Illumina HiSeq 4000",3000000,,,"C1-96",,,,"Paired End",,,15,,,"Smart-Seq V4, ERCC SPIKE-IN",
"PRO472A171","0_FP2_FL020817_C39","96 well plate","FP2_FL020817","G:3",,,,"mRNA-Full-Length",,,,,,,,,,"75bp","Mus musculus",,,-0.00199340865605,"Harvested cDNA","Illumina HiSeq 4000",3000000,,,"C1-96",,,,"Paired End",,,15,,,"Smart-Seq V4, ERCC SPIKE-IN",
"PRO472A172","1?_FP2_FL020817_C87","96 well plate","FP2_FL020817","G:4",,,,"mRNA-Full-Length",,,,,,,,,,"75bp","Mus musculus",,,-0.038395669792584,"Harvested cDNA","Illumina HiSeq 4000",3000000,,,"C1-96",,,,"Paired End",,,15,,,"Smart-Seq V4, ERCC SPIKE-IN",
"PRO472A173","1_FP2_FL020817_C86","96 well plate","FP2_FL020817","G:5",,,,"mRNA-Full-Length",,,,,,,,,,"75bp","Mus musculus",,,0.026103468094549,"Harvested cDNA","Illumina HiSeq 4000",3000000,,,"C1-96",,,,"Paired End",,,15,,,"Smart-Seq V4, ERCC SPIKE-IN",
"PRO472A174","1?_FP2_FL020817_C85","96 well plate","FP2_FL020817","G:6",,,,"mRNA-Full-Length",,,,,,,,,,"75bp","Mus musculus",,,0.313564636639433,"Harvested cDNA","Illumina HiSeq 4000",3000000,,,"C1-96",,,,"Paired End",,,15,,,"Smart-Seq V4, ERCC SPIKE-IN",
"PRO472A175","0_FP2_FL020817_C40","96 well plate","FP2_FL020817","G:7",,,,"mRNA-Full-Length",,,,,,,,,,"75bp","Mus musculus",,,-0.034323004954421,"Harvested cDNA","Illumina HiSeq 4000",3000000,,,"C1-96",,,,"Paired End",,,15,,,"Smart-Seq V4, ERCC SPIKE-IN",
"PRO472A176","1_FP2_FL020817_C41","96 well plate","FP2_FL020817","G:8",,,,"mRNA-Full-Length",,,,,,,,,,"75bp","Mus musculus",,,0.073581515136083,"Harvested cDNA","Illumina HiSeq 4000",3000000,,,"C1-96",,,,"Paired End",,,15,,,"Smart-Seq V4, ERCC SPIKE-IN",
"PRO472A177","0_FP2_FL020817_C42","96 well plate","FP2_FL020817","G:9",,,,"mRNA-Full-Length",,,,,,,,,,"75bp","Mus musculus",,,-0.058718252784588,"Harvested cDNA","Illumina HiSeq 4000",3000000,,,"C1-96",,,,"Paired End",,,15,,,"Smart-Seq V4, ERCC SPIKE-IN",
"PRO472A178","0_FP2_FL020817_C90","96 well plate","FP2_FL020817","G:10",,,,"mRNA-Full-Length",,,,,,,,,,"75bp","Mus musculus",,,0.08265952725659,"Harvested cDNA","Illumina HiSeq 4000",3000000,,,"C1-96",,,,"Paired End",,,15,,,"Smart-Seq V4, ERCC SPIKE-IN",
"PRO472A179","1_FP2_FL020817_C89","96 well plate","FP2_FL020817","G:11",,,,"mRNA-Full-Length",,,,,,,,,,"75bp","Mus musculus",,,0.191464718849352,"Harvested cDNA","Illumina HiSeq 4000",3000000,,,"C1-96",,,,"Paired End",,,15,,,"Smart-Seq V4, ERCC SPIKE-IN",
"PRO472A180","D_FP2_FL020817_C88","96 well plate","FP2_FL020817","G:12",,,,"mRNA-Full-Length",,,,,,,,,,"75bp","Mus musculus",,,0.028868049442355,"Harvested cDNA","Illumina HiSeq 4000",3000000,,,"C1-96",,,,"Paired End",,,15,,,"Smart-Seq V4, ERCC SPIKE-IN",
"PRO472A181","1_FP2_FL020817_C43","96 well plate","FP2_FL020817","H:1",,,,"mRNA-Full-Length",,,,,,,,,,"75bp","Mus musculus",,,0.040962365317599,"Harvested cDNA","Illumina HiSeq 4000",3000000,,,"C1-96",,,,"Paired End",,,15,,,"Smart-Seq V4, ERCC SPIKE-IN",
"PRO472A182","1+C_FP2_FL020817_C44","96 well plate","FP2_FL020817","H:2",,,,"mRNA-Full-Length",,,,,,,,,,"75bp","Mus musculus",,,0.264822157391981,"Harvested cDNA","Illumina HiSeq 4000",3000000,,,"C1-96",,,,"Paired End",,,15,,,"Smart-Seq V4, ERCC SPIKE-IN",
"PRO472A183","1S_FP2_FL020817_C45","96 well plate","FP2_FL020817","H:3",,,,"mRNA-Full-Length",,,,,,,,,,"75bp","Mus musculus",,,0.111211832408168,"Harvested cDNA","Illumina HiSeq 4000",3000000,,,"C1-96",,,,"Paired End",,,15,,,"Smart-Seq V4, ERCC SPIKE-IN",
"PRO472A184","1_FP2_FL020817_C93","96 well plate","FP2_FL020817","H:4",,,,"mRNA-Full-Length",,,,,,,,,,"75bp","Mus musculus",,,0.020850763533717,"Harvested cDNA","Illumina HiSeq 4000",3000000,,,"C1-96",,,,"Paired End",,,15,,,"Smart-Seq V4, ERCC SPIKE-IN",
"PRO472A185","1_FP2_FL020817_C92","96 well plate","FP2_FL020817","H:5",,,,"mRNA-Full-Length",,,,,,,,,,"75bp","Mus musculus",,,0.051899922155209,"Harvested cDNA","Illumina HiSeq 4000",3000000,,,"C1-96",,,,"Paired End",,,15,,,"Smart-Seq V4, ERCC SPIKE-IN",
"PRO472A186","1_FP2_FL020817_C91","96 well plate","FP2_FL020817","H:6",,,,"mRNA-Full-Length",,,,,,,,,,"75bp","Mus musculus",,,0.133117501982496,"Harvested cDNA","Illumina HiSeq 4000",3000000,,,"C1-96",,,,"Paired End",,,15,,,"Smart-Seq V4, ERCC SPIKE-IN",
"PRO472A187","0_FP2_FL020817_C46","96 well plate","FP2_FL020817","H:7",,,,"mRNA-Full-Length",,,,,,,,,,"75bp","Mus musculus",,,0.351160032883967,"Harvested cDNA","Illumina HiSeq 4000",3000000,,,"C1-96",,,,"Paired End",,,15,,,"Smart-Seq V4, ERCC SPIKE-IN",
"PRO472A188","0_FP2_FL020817_C47","96 well plate","FP2_FL020817","H:8",,,,"mRNA-Full-Length",,,,,,,,,,"75bp","Mus musculus",,,-0.022729223807411,"Harvested cDNA","Illumina HiSeq 4000",3000000,,,"C1-96",,,,"Paired End",,,15,,,"Smart-Seq V4, ERCC SPIKE-IN",
"PRO472A189","1?_FP2_FL020817_C48","96 well plate","FP2_FL020817","H:9",,,,"mRNA-Full-Length",,,,,,,,,,"75bp","Mus musculus",,,0.033762813470786,"Harvested cDNA","Illumina HiSeq 4000",3000000,,,"C1-96",,,,"Paired End",,,15,,,"Smart-Seq V4, ERCC SPIKE-IN",
"PRO472A190","C_FP2_FL020817_C96","96 well plate","FP2_FL020817","H:10",,,,"mRNA-Full-Length",,,,,,,,,,"75bp","Mus musculus",,,-0.101873367623842,"Harvested cDNA","Illumina HiSeq 4000",3000000,,,"C1-96",,,,"Paired End",,,15,,,"Smart-Seq V4, ERCC SPIKE-IN",
"PRO472A191","0_FP2_FL020817_C95","96 well plate","FP2_FL020817","H:11",,,,"mRNA-Full-Length",,,,,,,,,,"75bp","Mus musculus",,,-0.064833797734498,"Harvested cDNA","Illumina HiSeq 4000",3000000,,,"C1-96",,,,"Paired End",,,15,,,"Smart-Seq V4, ERCC SPIKE-IN",
"PRO472A192","1_FP2_FL020817_C94","96 well plate","FP2_FL020817","H:12",,,,"mRNA-Full-Length",,,,,,,,,,"75bp","Mus musculus",,,-0.018580896742887,"Harvested cDNA","Illumina HiSeq 4000",3000000,,,"C1-96",,,,"Paired End",,,15,,,"Smart-Seq V4, ERCC SPIKE-IN",
"PRO472A289","1_FP2_FL140817_C03","96 well plate","FP2_FL140817","A:1",,,,"mRNA-Full-Length",,,,,,,,,,"75bp","Mus musculus",,,0.766504914407106,"Harvested cDNA","Illumina HiSeq 4000",3000000,,,"C1-96",,,,"Paired End",,,15,,,"Smart-Seq V4, ERCC SPIKE-IN",
"PRO472A290","0_FP2_FL140817_C02","96 well plate","FP2_FL140817","A:2",,,,"mRNA-Full-Length",,,,,,,,,,"75bp","Mus musculus",,,-0.057014397648651,"Harvested cDNA","Illumina HiSeq 4000",3000000,,,"C1-96",,,,"Paired End",,,15,,,"Smart-Seq V4, ERCC SPIKE-IN",
"PRO472A291","C_FP2_FL140817_C01","96 well plate","FP2_FL140817","A:3",,,,"mRNA-Full-Length",,,,,,,,,,"75bp","Mus musculus",,,0.221067564913097,"Harvested cDNA","Illumina HiSeq 4000",3000000,,,"C1-96",,,,"Paired End",,,15,,,"Smart-Seq V4, ERCC SPIKE-IN",
"PRO472A292","0_FP2_FL140817_C49","96 well plate","FP2_FL140817","A:4",,,,"mRNA-Full-Length",,,,,,,,,,"75bp","Mus musculus",,,-0.054863844368621,"Harvested cDNA","Illumina HiSeq 4000",3000000,,,"C1-96",,,,"Paired End",,,15,,,"Smart-Seq V4, ERCC SPIKE-IN",
"PRO472A293","1_FP2_FL140817_C50","96 well plate","FP2_FL140817","A:5",,,,"mRNA-Full-Length",,,,,,,,,,"75bp","Mus musculus",,,0.572198496940772,"Harvested cDNA","Illumina HiSeq 4000",3000000,,,"C1-96",,,,"Paired End",,,15,,,"Smart-Seq V4, ERCC SPIKE-IN",
"PRO472A294","0_FP2_FL140817_C51","96 well plate","FP2_FL140817","A:6",,,,"mRNA-Full-Length",,,,,,,,,,"75bp","Mus musculus",,,0.4950288462238,"Harvested cDNA","Illumina HiSeq 4000",3000000,,,"C1-96",,,,"Paired End",,,15,,,"Smart-Seq V4, ERCC SPIKE-IN",
"PRO472A295","1_FP2_FL140817_C06","96 well plate","FP2_FL140817","A:7",,,,"mRNA-Full-Length",,,,,,,,,,"75bp","Mus musculus",,,0.195252195295847,"Harvested cDNA","Illumina HiSeq 4000",3000000,,,"C1-96",,,,"Paired End",,,15,,,"Smart-Seq V4, ERCC SPIKE-IN",
"PRO472A296","0_FP2_FL140817_C05","96 well plate","FP2_FL140817","A:8",,,,"mRNA-Full-Length",,,,,,,,,,"75bp","Mus musculus",,,-0.018608542556365,"Harvested cDNA","Illumina HiSeq 4000",3000000,,,"C1-96",,,,"Paired End",,,15,,,"Smart-Seq V4, ERCC SPIKE-IN",
"PRO472A297","0_FP2_FL140817_C04","96 well plate","FP2_FL140817","A:9",,,,"mRNA-Full-Length",,,,,,,,,,"75bp","Mus musculus",,,0.003556124638967,"Harvested cDNA","Illumina HiSeq 4000",3000000,,,"C1-96",,,,"Paired End",,,15,,,"Smart-Seq V4, ERCC SPIKE-IN",
"PRO472A298","1_FP2_FL140817_C52","96 well plate","FP2_FL140817","A:10",,,,"mRNA-Full-Length",,,,,,,,,,"75bp","Mus musculus",,,0.720321855470597,"Harvested cDNA","Illumina HiSeq 4000",3000000,,,"C1-96",,,,"Paired End",,,15,,,"Smart-Seq V4, ERCC SPIKE-IN",
"PRO472A299","0_FP2_FL140817_C53","96 well plate","FP2_FL140817","A:11",,,,"mRNA-Full-Length",,,,,,,,,,"75bp","Mus musculus",,,-0.067804995161983,"Harvested cDNA","Illumina HiSeq 4000",3000000,,,"C1-96",,,,"Paired End",,,15,,,"Smart-Seq V4, ERCC SPIKE-IN",
"PRO472A300","0_FP2_FL140817_C54","96 well plate","FP2_FL140817","A:12",,,,"mRNA-Full-Length",,,,,,,,,,"75bp","Mus musculus",,,-0.065471106487309,"Harvested cDNA","Illumina HiSeq 4000",3000000,,,"C1-96",,,,"Paired End",,,15,,,"Smart-Seq V4, ERCC SPIKE-IN",
"PRO472A301","1_FP2_FL140817_C09","96 well plate","FP2_FL140817","B:1",,,,"mRNA-Full-Length",,,,,,,,,,"75bp","Mus musculus",,,0.044514124828123,"Harvested cDNA","Illumina HiSeq 4000",3000000,,,"C1-96",,,,"Paired End",,,15,,,"Smart-Seq V4, ERCC SPIKE-IN",
"PRO472A302","1_FP2_FL140817_C08","96 well plate","FP2_FL140817","B:2",,,,"mRNA-Full-Length",,,,,,,,,,"75bp","Mus musculus",,,0.131655183953788,"Harvested cDNA","Illumina HiSeq 4000",3000000,,,"C1-96",,,,"Paired End",,,15,,,"Smart-Seq V4, ERCC SPIKE-IN",
"PRO472A303","1_FP2_FL140817_C07","96 well plate","FP2_FL140817","B:3",,,,"mRNA-Full-Length",,,,,,,,,,"75bp","Mus musculus",,,0.022081729754898,"Harvested cDNA","Illumina HiSeq 4000",3000000,,,"C1-96",,,,"Paired End",,,15,,,"Smart-Seq V4, ERCC SPIKE-IN",
"PRO472A304","1_FP2_FL140817_C55","96 well plate","FP2_FL140817","B:4",,,,"mRNA-Full-Length",,,,,,,,,,"75bp","Mus musculus",,,0.132458367587466,"Harvested cDNA","Illumina HiSeq 4000",3000000,,,"C1-96",,,,"Paired End",,,15,,,"Smart-Seq V4, ERCC SPIKE-IN",
"PRO472A305","0_FP2_FL140817_C56","96 well plate","FP2_FL140817","B:5",,,,"mRNA-Full-Length",,,,,,,,,,"75bp","Mus musculus",,,0.034311364611904,"Harvested cDNA","Illumina HiSeq 4000",3000000,,,"C1-96",,,,"Paired End",,,15,,,"Smart-Seq V4, ERCC SPIKE-IN",
"PRO472A306","0_FP2_FL140817_C57","96 well plate","FP2_FL140817","B:6",,,,"mRNA-Full-Length",,,,,,,,,,"75bp","Mus musculus",,,-0.033726437400421,"Harvested cDNA","Illumina HiSeq 4000",3000000,,,"C1-96",,,,"Paired End",,,15,,,"Smart-Seq V4, ERCC SPIKE-IN",
"PRO472A307","1_FP2_FL140817_C12","96 well plate","FP2_FL140817","B:7",,,,"mRNA-Full-Length",,,,,,,,,,"75bp","Mus musculus",,,0.492353022487687,"Harvested cDNA","Illumina HiSeq 4000",3000000,,,"C1-96",,,,"Paired End",,,15,,,"Smart-Seq V4, ERCC SPIKE-IN",
"PRO472A308","1_FP2_FL140817_C11","96 well plate","FP2_FL140817","B:8",,,,"mRNA-Full-Length",,,,,,,,,,"75bp","Mus musculus",,,0.445790197376558,"Harvested cDNA","Illumina HiSeq 4000",3000000,,,"C1-96",,,,"Paired End",,,15,,,"Smart-Seq V4, ERCC SPIKE-IN",
"PRO472A309","0_FP2_FL140817_C10","96 well plate","FP2_FL140817","B:9",,,,"mRNA-Full-Length",,,,,,,,,,"75bp","Mus musculus",,,0.05042159865554,"Harvested cDNA","Illumina HiSeq 4000",3000000,,,"C1-96",,,,"Paired End",,,15,,,"Smart-Seq V4, ERCC SPIKE-IN",
"PRO472A310","0_FP2_FL140817_C58","96 well plate","FP2_FL140817","B:10",,,,"mRNA-Full-Length",,,,,,,,,,"75bp","Mus musculus",,,-0.023318516147338,"Harvested cDNA","Illumina HiSeq 4000",3000000,,,"C1-96",,,,"Paired End",,,15,,,"Smart-Seq V4, ERCC SPIKE-IN",
"PRO472A311","1_FP2_FL140817_C59","96 well plate","FP2_FL140817","B:11",,,,"mRNA-Full-Length",,,,,,,,,,"75bp","Mus musculus",,,0.360419925356303,"Harvested cDNA","Illumina HiSeq 4000",3000000,,,"C1-96",,,,"Paired End",,,15,,,"Smart-Seq V4, ERCC SPIKE-IN",
"PRO472A312","0_FP2_FL140817_C60","96 well plate","FP2_FL140817","B:12",,,,"mRNA-Full-Length",,,,,,,,,,"75bp","Mus musculus",,,0.05974551301172,"Harvested cDNA","Illumina HiSeq 4000",3000000,,,"C1-96",,,,"Paired End",,,15,,,"Smart-Seq V4, ERCC SPIKE-IN",
"PRO472A313","1_FP2_FL140817_C15","96 well plate","FP2_FL140817","C:1",,,,"mRNA-Full-Length",,,,,,,,,,"75bp","Mus musculus",,,0.426507969997017,"Harvested cDNA","Illumina HiSeq 4000",3000000,,,"C1-96",,,,"Paired End",,,15,,,"Smart-Seq V4, ERCC SPIKE-IN",
"PRO472A314","1_FP2_FL140817_C14","96 well plate","FP2_FL140817","C:2",,,,"mRNA-Full-Length",,,,,,,,,,"75bp","Mus musculus",,,1.08133252820964,"Harvested cDNA","Illumina HiSeq 4000",3000000,,,"C1-96",,,,"Paired End",,,15,,,"Smart-Seq V4, ERCC SPIKE-IN",
"PRO472A315","0_FP2_FL140817_C13","96 well plate","FP2_FL140817","C:3",,,,"mRNA-Full-Length",,,,,,,,,,"75bp","Mus musculus",,,-0.053862774912152,"Harvested cDNA","Illumina HiSeq 4000",3000000,,,"C1-96",,,,"Paired End",,,15,,,"Smart-Seq V4, ERCC SPIKE-IN",
"PRO472A316","0_FP2_FL140817_C61","96 well plate","FP2_FL140817","C:4",,,,"mRNA-Full-Length",,,,,,,,,,"75bp","Mus musculus",,,-0.026291168617637,"Harvested cDNA","Illumina HiSeq 4000",3000000,,,"C1-96",,,,"Paired End",,,15,,,"Smart-Seq V4, ERCC SPIKE-IN",
"PRO472A317","0_FP2_FL140817_C62","96 well plate","FP2_FL140817","C:5",,,,"mRNA-Full-Length",,,,,,,,,,"75bp","Mus musculus",,,-0.001143663652303,"Harvested cDNA","Illumina HiSeq 4000",3000000,,,"C1-96",,,,"Paired End",,,15,,,"Smart-Seq V4, ERCC SPIKE-IN",
"PRO472A318","1S_FP2_FL140817_C63","96 well plate","FP2_FL140817","C:6",,,,"mRNA-Full-Length",,,,,,,,,,"75bp","Mus musculus",,,0.063041184986868,"Harvested cDNA","Illumina HiSeq 4000",3000000,,,"C1-96",,,,"Paired End",,,15,,,"Smart-Seq V4, ERCC SPIKE-IN",
"PRO472A319","3_FP2_FL140817_C18","96 well plate","FP2_FL140817","C:7",,,,"mRNA-Full-Length",,,,,,,,,,"75bp","Mus musculus",,,0.482493652375721,"Harvested cDNA","Illumina HiSeq 4000",3000000,,,"C1-96",,,,"Paired End",,,15,,,"Smart-Seq V4, ERCC SPIKE-IN",
"PRO472A320","1_FP2_FL140817_C17","96 well plate","FP2_FL140817","C:8",,,,"mRNA-Full-Length",,,,,,,,,,"75bp","Mus musculus",,,0.689489498228485,"Harvested cDNA","Illumina HiSeq 4000",3000000,,,"C1-96",,,,"Paired End",,,15,,,"Smart-Seq V4, ERCC SPIKE-IN",
"PRO472A321","1_FP2_FL140817_C16","96 well plate","FP2_FL140817","C:9",,,,"mRNA-Full-Length",,,,,,,,,,"75bp","Mus musculus",,,0.353469185830793,"Harvested cDNA","Illumina HiSeq 4000",3000000,,,"C1-96",,,,"Paired End",,,15,,,"Smart-Seq V4, ERCC SPIKE-IN",
"PRO472A322","2_FP2_FL140817_C64","96 well plate","FP2_FL140817","C:10",,,,"mRNA-Full-Length",,,,,,,,,,"75bp","Mus musculus",,,0.273050424508741,"Harvested cDNA","Illumina HiSeq 4000",3000000,,,"C1-96",,,,"Paired End",,,15,,,"Smart-Seq V4, ERCC SPIKE-IN",
"PRO472A323","1_FP2_FL140817_C65","96 well plate","FP2_FL140817","C:11",,,,"mRNA-Full-Length",,,,,,,,,,"75bp","Mus musculus",,,0.245609772067543,"Harvested cDNA","Illumina HiSeq 4000",3000000,,,"C1-96",,,,"Paired End",,,15,,,"Smart-Seq V4, ERCC SPIKE-IN",
"PRO472A324","1_FP2_FL140817_C66","96 well plate","FP2_FL140817","C:12",,,,"mRNA-Full-Length",,,,,,,,,,"75bp","Mus musculus",,,0.209620743090365,"Harvested cDNA","Illumina HiSeq 4000",3000000,,,"C1-96",,,,"Paired End",,,15,,,"Smart-Seq V4, ERCC SPIKE-IN",
"PRO472A325","1_FP2_FL140817_C21","96 well plate","FP2_FL140817","D:1",,,,"mRNA-Full-Length",,,,,,,,,,"75bp","Mus musculus",,,-0.019439372003521,"Harvested cDNA","Illumina HiSeq 4000",3000000,,,"C1-96",,,,"Paired End",,,15,,,"Smart-Seq V4, ERCC SPIKE-IN",
"PRO472A326","1_FP2_FL140817_C20","96 well plate","FP2_FL140817","D:2",,,,"mRNA-Full-Length",,,,,,,,,,"75bp","Mus musculus",,,0.128163081198664,"Harvested cDNA","Illumina HiSeq 4000",3000000,,,"C1-96",,,,"Paired End",,,15,,,"Smart-Seq V4, ERCC SPIKE-IN",
"PRO472A327","1_FP2_FL140817_C19","96 well plate","FP2_FL140817","D:3",,,,"mRNA-Full-Length",,,,,,,,,,"75bp","Mus musculus",,,0.095846580285625,"Harvested cDNA","Illumina HiSeq 4000",3000000,,,"C1-96",,,,"Paired End",,,15,,,"Smart-Seq V4, ERCC SPIKE-IN",
"PRO472A328","1S_FP2_FL140817_C67","96 well plate","FP2_FL140817","D:4",,,,"mRNA-Full-Length",,,,,,,,,,"75bp","Mus musculus",,,0.182494379897128,"Harvested cDNA","Illumina HiSeq 4000",3000000,,,"C1-96",,,,"Paired End",,,15,,,"Smart-Seq V4, ERCC SPIKE-IN",
"PRO472A329","1S_FP2_FL140817_C68","96 well plate","FP2_FL140817","D:5",,,,"mRNA-Full-Length",,,,,,,,,,"75bp","Mus musculus",,,0.087135238954406,"Harvested cDNA","Illumina HiSeq 4000",3000000,,,"C1-96",,,,"Paired End",,,15,,,"Smart-Seq V4, ERCC SPIKE-IN",
"PRO472A330","1_FP2_FL140817_C69","96 well plate","FP2_FL140817","D:6",,,,"mRNA-Full-Length",,,,,,,,,,"75bp","Mus musculus",,,0.108896859290085,"Harvested cDNA","Illumina HiSeq 4000",3000000,,,"C1-96",,,,"Paired End",,,15,,,"Smart-Seq V4, ERCC SPIKE-IN",
"PRO472A331","1_FP2_FL140817_C24","96 well plate","FP2_FL140817","D:7",,,,"mRNA-Full-Length",,,,,,,,,,"75bp","Mus musculus",,,-0.00697256516773,"Harvested cDNA","Illumina HiSeq 4000",3000000,,,"C1-96",,,,"Paired End",,,15,,,"Smart-Seq V4, ERCC SPIKE-IN",
"PRO472A332","1_FP2_FL140817_C23","96 well plate","FP2_FL140817","D:8",,,,"mRNA-Full-Length",,,,,,,,,,"75bp","Mus musculus",,,0.093706212305297,"Harvested cDNA","Illumina HiSeq 4000",3000000,,,"C1-96",,,,"Paired End",,,15,,,"Smart-Seq V4, ERCC SPIKE-IN",
"PRO472A333","1_FP2_FL140817_C22","96 well plate","FP2_FL140817","D:9",,,,"mRNA-Full-Length",,,,,,,,,,"75bp","Mus musculus",,,0.085616174255928,"Harvested cDNA","Illumina HiSeq 4000",3000000,,,"C1-96",,,,"Paired End",,,15,,,"Smart-Seq V4, ERCC SPIKE-IN",
"PRO472A334","1Irr_FP2_FL140817_C70","96 well plate","FP2_FL140817","D:10",,,,"mRNA-Full-Length",,,,,,,,,,"75bp","Mus musculus",,,0.30819552865343,"Harvested cDNA","Illumina HiSeq 4000",3000000,,,"C1-96",,,,"Paired End",,,15,,,"Smart-Seq V4, ERCC SPIKE-IN",
"PRO472A335","1S_FP2_FL140817_C71","96 well plate","FP2_FL140817","D:11",,,,"mRNA-Full-Length",,,,,,,,,,"75bp","Mus musculus",,,0.054402595796381,"Harvested cDNA","Illumina HiSeq 4000",3000000,,,"C1-96",,,,"Paired End",,,15,,,"Smart-Seq V4, ERCC SPIKE-IN",
"PRO472A336","1_FP2_FL140817_C72","96 well plate","FP2_FL140817","D:12",,,,"mRNA-Full-Length",,,,,,,,,,"75bp","Mus musculus",,,0.105336369522673,"Harvested cDNA","Illumina HiSeq 4000",3000000,,,"C1-96",,,,"Paired End",,,15,,,"Smart-Seq V4, ERCC SPIKE-IN",
"PRO472A337","1_FP2_FL140817_C25","96 well plate","FP2_FL140817","E:1",,,,"mRNA-Full-Length",,,,,,,,,,"75bp","Mus musculus",,,1.30926498512219,"Harvested cDNA","Illumina HiSeq 4000",3000000,,,"C1-96",,,,"Paired End",,,15,,,"Smart-Seq V4, ERCC SPIKE-IN",
"PRO472A338","1_FP2_FL140817_C26","96 well plate","FP2_FL140817","E:2",,,,"mRNA-Full-Length",,,,,,,,,,"75bp","Mus musculus",,,0.163631204848203,"Harvested cDNA","Illumina HiSeq 4000",3000000,,,"C1-96",,,,"Paired End",,,15,,,"Smart-Seq V4, ERCC SPIKE-IN",
"PRO472A339","1_FP2_FL140817_C27","96 well plate","FP2_FL140817","E:3",,,,"mRNA-Full-Length",,,,,,,,,,"75bp","Mus musculus",,,0.467189512051392,"Harvested cDNA","Illumina HiSeq 4000",3000000,,,"C1-96",,,,"Paired End",,,15,,,"Smart-Seq V4, ERCC SPIKE-IN",
"PRO472A340","D_FP2_FL140817_C75","96 well plate","FP2_FL140817","E:4",,,,"mRNA-Full-Length",,,,,,,,,,"75bp","Mus musculus",,,0.074419619797313,"Harvested cDNA","Illumina HiSeq 4000",3000000,,,"C1-96",,,,"Paired End",,,15,,,"Smart-Seq V4, ERCC SPIKE-IN",
"PRO472A341","0_FP2_FL140817_C74","96 well plate","FP2_FL140817","E:5",,,,"mRNA-Full-Length",,,,,,,,,,"75bp","Mus musculus",,,-0.017197151026169,"Harvested cDNA","Illumina HiSeq 4000",3000000,,,"C1-96",,,,"Paired End",,,15,,,"Smart-Seq V4, ERCC SPIKE-IN",
"PRO472A342","0_FP2_FL140817_C73","96 well plate","FP2_FL140817","E:6",,,,"mRNA-Full-Length",,,,,,,,,,"75bp","Mus musculus",,,-0.023097349639513,"Harvested cDNA","Illumina HiSeq 4000",3000000,,,"C1-96",,,,"Paired End",,,15,,,"Smart-Seq V4, ERCC SPIKE-IN",
"PRO472A343","1_FP2_FL140817_C28","96 well plate","FP2_FL140817","E:7",,,,"mRNA-Full-Length",,,,,,,,,,"75bp","Mus musculus",,,1.49664539879086,"Harvested cDNA","Illumina HiSeq 4000",3000000,,,"C1-96",,,,"Paired End",,,15,,,"Smart-Seq V4, ERCC SPIKE-IN",
"PRO472A344","1L_FP2_FL140817_C29","96 well plate","FP2_FL140817","E:8",,,,"mRNA-Full-Length",,,,,,,,,,"75bp","Mus musculus",,,-0.01400769717649,"Harvested cDNA","Illumina HiSeq 4000",3000000,,,"C1-96",,,,"Paired End",,,15,,,"Smart-Seq V4, ERCC SPIKE-IN",
"PRO472A345","1S_FP2_FL140817_C30","96 well plate","FP2_FL140817","E:9",,,,"mRNA-Full-Length",,,,,,,,,,"75bp","Mus musculus",,,0.166921056652092,"Harvested cDNA","Illumina HiSeq 4000",3000000,,,"C1-96",,,,"Paired End",,,15,,,"Smart-Seq V4, ERCC SPIKE-IN",
"PRO472A346","0_FP2_FL140817_C78","96 well plate","FP2_FL140817","E:10",,,,"mRNA-Full-Length",,,,,,,,,,"75bp","Mus musculus",,,-0.042690956181386,"Harvested cDNA","Illumina HiSeq 4000",3000000,,,"C1-96",,,,"Paired End",,,15,,,"Smart-Seq V4, ERCC SPIKE-IN",
"PRO472A347","1S_FP2_FL140817_C77","96 well plate","FP2_FL140817","E:11",,,,"mRNA-Full-Length",,,,,,,,,,"75bp","Mus musculus",,,0.046935316071675,"Harvested cDNA","Illumina HiSeq 4000",3000000,,,"C1-96",,,,"Paired End",,,15,,,"Smart-Seq V4, ERCC SPIKE-IN",
"PRO472A348","1S_FP2_FL140817_C76","96 well plate","FP2_FL140817","E:12",,,,"mRNA-Full-Length",,,,,,,,,,"75bp","Mus musculus",,,-0.047082275395954,"Harvested cDNA","Illumina HiSeq 4000",3000000,,,"C1-96",,,,"Paired End",,,15,,,"Smart-Seq V4, ERCC SPIKE-IN",
"PRO472A349","1_FP2_FL140817_C31","96 well plate","FP2_FL140817","F:1",,,,"mRNA-Full-Length",,,,,,,,,,"75bp","Mus musculus",,,0.190591693160571,"Harvested cDNA","Illumina HiSeq 4000",3000000,,,"C1-96",,,,"Paired End",,,15,,,"Smart-Seq V4, ERCC SPIKE-IN",
"PRO472A350","1_FP2_FL140817_C32","96 well plate","FP2_FL140817","F:2",,,,"mRNA-Full-Length",,,,,,,,,,"75bp","Mus musculus",,,0.081123002044335,"Harvested cDNA","Illumina HiSeq 4000",3000000,,,"C1-96",,,,"Paired End",,,15,,,"Smart-Seq V4, ERCC SPIKE-IN",
"PRO472A351","2_FP2_FL140817_C33","96 well plate","FP2_FL140817","F:3",,,,"mRNA-Full-Length",,,,,,,,,,"75bp","Mus musculus",,,0.460093268244418,"Harvested cDNA","Illumina HiSeq 4000",3000000,,,"C1-96",,,,"Paired End",,,15,,,"Smart-Seq V4, ERCC SPIKE-IN",
"PRO472A352","0_FP2_FL140817_C81","96 well plate","FP2_FL140817","F:4",,,,"mRNA-Full-Length",,,,,,,,,,"75bp","Mus musculus",,,-0.017654034469964,"Harvested cDNA","Illumina HiSeq 4000",3000000,,,"C1-96",,,,"Paired End",,,15,,,"Smart-Seq V4, ERCC SPIKE-IN",
"PRO472A353","0_FP2_FL140817_C80","96 well plate","FP2_FL140817","F:5",,,,"mRNA-Full-Length",,,,,,,,,,"75bp","Mus musculus",,,0.091420340043506,"Harvested cDNA","Illumina HiSeq 4000",3000000,,,"C1-96",,,,"Paired End",,,15,,,"Smart-Seq V4, ERCC SPIKE-IN",
"PRO472A354","1_FP2_FL140817_C79","96 well plate","FP2_FL140817","F:6",,,,"mRNA-Full-Length",,,,,,,,,,"75bp","Mus musculus",,,0.718095639964206,"Harvested cDNA","Illumina HiSeq 4000",3000000,,,"C1-96",,,,"Paired End",,,15,,,"Smart-Seq V4, ERCC SPIKE-IN",
"PRO472A355","1_FP2_FL140817_C34","96 well plate","FP2_FL140817","F:7",,,,"mRNA-Full-Length",,,,,,,,,,"75bp","Mus musculus",,,0.505510974660429,"Harvested cDNA","Illumina HiSeq 4000",3000000,,,"C1-96",,,,"Paired End",,,15,,,"Smart-Seq V4, ERCC SPIKE-IN",
"PRO472A356","2_FP2_FL140817_C35","96 well plate","FP2_FL140817","F:8",,,,"mRNA-Full-Length",,,,,,,,,,"75bp","Mus musculus",,,0.789421838737605,"Harvested cDNA","Illumina HiSeq 4000",3000000,,,"C1-96",,,,"Paired End",,,15,,,"Smart-Seq V4, ERCC SPIKE-IN",
"PRO472A357","1_FP2_FL140817_C36","96 well plate","FP2_FL140817","F:9",,,,"mRNA-Full-Length",,,,,,,,,,"75bp","Mus musculus",,,0.111099794111442,"Harvested cDNA","Illumina HiSeq 4000",3000000,,,"C1-96",,,,"Paired End",,,15,,,"Smart-Seq V4, ERCC SPIKE-IN",
"PRO472A358","0_FP2_FL140817_C84","96 well plate","FP2_FL140817","F:10",,,,"mRNA-Full-Length",,,,,,,,,,"75bp","Mus musculus",,,-0.02040261034681,"Harvested cDNA","Illumina HiSeq 4000",3000000,,,"C1-96",,,,"Paired End",,,15,,,"Smart-Seq V4, ERCC SPIKE-IN",
"PRO472A359","0_FP2_FL140817_C83","96 well plate","FP2_FL140817","F:11",,,,"mRNA-Full-Length",,,,,,,,,,"75bp","Mus musculus",,,-0.058645500643857,"Harvested cDNA","Illumina HiSeq 4000",3000000,,,"C1-96",,,,"Paired End",,,15,,,"Smart-Seq V4, ERCC SPIKE-IN",
"PRO472A360","1?_FP2_FL140817_C82","96 well plate","FP2_FL140817","F:12",,,,"mRNA-Full-Length",,,,,,,,,,"75bp","Mus musculus",,,-0.015209562541378,"Harvested cDNA","Illumina HiSeq 4000",3000000,,,"C1-96",,,,"Paired End",,,15,,,"Smart-Seq V4, ERCC SPIKE-IN",
"PRO472A361","2_FP2_FL140817_C37","96 well plate","FP2_FL140817","G:1",,,,"mRNA-Full-Length",,,,,,,,,,"75bp","Mus musculus",,,0.007363971684867,"Harvested cDNA","Illumina HiSeq 4000",3000000,,,"C1-96",,,,"Paired End",,,15,,,"Smart-Seq V4, ERCC SPIKE-IN",
"PRO472A362","C_FP2_FL140817_C38","96 well plate","FP2_FL140817","G:2",,,,"mRNA-Full-Length",,,,,,,,,,"75bp","Mus musculus",,,0.342853193455217,"Harvested cDNA","Illumina HiSeq 4000",3000000,,,"C1-96",,,,"Paired End",,,15,,,"Smart-Seq V4, ERCC SPIKE-IN",
"PRO472A363","C_FP2_FL140817_C39","96 well plate","FP2_FL140817","G:3",,,,"mRNA-Full-Length",,,,,,,,,,"75bp","Mus musculus",,,0.515710824791019,"Harvested cDNA","Illumina HiSeq 4000",3000000,,,"C1-96",,,,"Paired End",,,15,,,"Smart-Seq V4, ERCC SPIKE-IN",
"PRO472A364","0_FP2_FL140817_C87","96 well plate","FP2_FL140817","G:4",,,,"mRNA-Full-Length",,,,,,,,,,"75bp","Mus musculus",,,0.001628192909576,"Harvested cDNA","Illumina HiSeq 4000",3000000,,,"C1-96",,,,"Paired End",,,15,,,"Smart-Seq V4, ERCC SPIKE-IN",
"PRO472A365","1_FP2_FL140817_C86","96 well plate","FP2_FL140817","G:5",,,,"mRNA-Full-Length",,,,,,,,,,"75bp","Mus musculus",,,0.154727797865452,"Harvested cDNA","Illumina HiSeq 4000",3000000,,,"C1-96",,,,"Paired End",,,15,,,"Smart-Seq V4, ERCC SPIKE-IN",
"PRO472A366","1_FP2_FL140817_C85","96 well plate","FP2_FL140817","G:6",,,,"mRNA-Full-Length",,,,,,,,,,"75bp","Mus musculus",,,0.046245625777538,"Harvested cDNA","Illumina HiSeq 4000",3000000,,,"C1-96",,,,"Paired End",,,15,,,"Smart-Seq V4, ERCC SPIKE-IN",
"PRO472A367","1_FP2_FL140817_C40","96 well plate","FP2_FL140817","G:7",,,,"mRNA-Full-Length",,,,,,,,,,"75bp","Mus musculus",,,0.576214415109164,"Harvested cDNA","Illumina HiSeq 4000",3000000,,,"C1-96",,,,"Paired End",,,15,,,"Smart-Seq V4, ERCC SPIKE-IN",
"PRO472A368","1_FP2_FL140817_C41","96 well plate","FP2_FL140817","G:8",,,,"mRNA-Full-Length",,,,,,,,,,"75bp","Mus musculus",,,0.500883938509891,"Harvested cDNA","Illumina HiSeq 4000",3000000,,,"C1-96",,,,"Paired End",,,15,,,"Smart-Seq V4, ERCC SPIKE-IN",
"PRO472A369","1_FP2_FL140817_C42","96 well plate","FP2_FL140817","G:9",,,,"mRNA-Full-Length",,,,,,,,,,"75bp","Mus musculus",,,1.23892821546274,"Harvested cDNA","Illumina HiSeq 4000",3000000,,,"C1-96",,,,"Paired End",,,15,,,"Smart-Seq V4, ERCC SPIKE-IN",
"PRO472A370","0_FP2_FL140817_C90","96 well plate","FP2_FL140817","G:10",,,,"mRNA-Full-Length",,,,,,,,,,"75bp","Mus musculus",,,0.174792838279266,"Harvested cDNA","Illumina HiSeq 4000",3000000,,,"C1-96",,,,"Paired End",,,15,,,"Smart-Seq V4, ERCC SPIKE-IN",
"PRO472A371","0_FP2_FL140817_C89","96 well plate","FP2_FL140817","G:11",,,,"mRNA-Full-Length",,,,,,,,,,"75bp","Mus musculus",,,-0.010931736666352,"Harvested cDNA","Illumina HiSeq 4000",3000000,,,"C1-96",,,,"Paired End",,,15,,,"Smart-Seq V4, ERCC SPIKE-IN",
"PRO472A372","1_FP2_FL140817_C88","96 well plate","FP2_FL140817","G:12",,,,"mRNA-Full-Length",,,,,,,,,,"75bp","Mus musculus",,,-0.057312681425651,"Harvested cDNA","Illumina HiSeq 4000",3000000,,,"C1-96",,,,"Paired End",,,15,,,"Smart-Seq V4, ERCC SPIKE-IN",
"PRO472A373","1_FP2_FL140817_C43","96 well plate","FP2_FL140817","H:1",,,,"mRNA-Full-Length",,,,,,,,,,"75bp","Mus musculus",,,0.535400464158658,"Harvested cDNA","Illumina HiSeq 4000",3000000,,,"C1-96",,,,"Paired End",,,15,,,"Smart-Seq V4, ERCC SPIKE-IN",
"PRO472A374","D_FP2_FL140817_C44","96 well plate","FP2_FL140817","H:2",,,,"mRNA-Full-Length",,,,,,,,,,"75bp","Mus musculus",,,0.035597622460041,"Harvested cDNA","Illumina HiSeq 4000",3000000,,,"C1-96",,,,"Paired End",,,15,,,"Smart-Seq V4, ERCC SPIKE-IN",
"PRO472A375","1_FP2_FL140817_C45","96 well plate","FP2_FL140817","H:3",,,,"mRNA-Full-Length",,,,,,,,,,"75bp","Mus musculus",,,1.46656966381236,"Harvested cDNA","Illumina HiSeq 4000",3000000,,,"C1-96",,,,"Paired End",,,15,,,"Smart-Seq V4, ERCC SPIKE-IN",
"PRO472A376","1L_FP2_FL140817_C93","96 well plate","FP2_FL140817","H:4",,,,"mRNA-Full-Length",,,,,,,,,,"75bp","Mus musculus",,,-0.021725244265313,"Harvested cDNA","Illumina HiSeq 4000",3000000,,,"C1-96",,,,"Paired End",,,15,,,"Smart-Seq V4, ERCC SPIKE-IN",
"PRO472A377","0_FP2_FL140817_C92","96 well plate","FP2_FL140817","H:5",,,,"mRNA-Full-Length",,,,,,,,,,"75bp","Mus musculus",,,0.024693531607168,"Harvested cDNA","Illumina HiSeq 4000",3000000,,,"C1-96",,,,"Paired End",,,15,,,"Smart-Seq V4, ERCC SPIKE-IN",
"PRO472A378","1S_FP2_FL140817_C91","96 well plate","FP2_FL140817","H:6",,,,"mRNA-Full-Length",,,,,,,,,,"75bp","Mus musculus",,,0.056561879333299,"Harvested cDNA","Illumina HiSeq 4000",3000000,,,"C1-96",,,,"Paired End",,,15,,,"Smart-Seq V4, ERCC SPIKE-IN",
"PRO472A379","1_FP2_FL140817_C46","96 well plate","FP2_FL140817","H:7",,,,"mRNA-Full-Length",,,,,,,,,,"75bp","Mus musculus",,,0.121640124260656,"Harvested cDNA","Illumina HiSeq 4000",3000000,,,"C1-96",,,,"Paired End",,,15,,,"Smart-Seq V4, ERCC SPIKE-IN",
"PRO472A380","1_FP2_FL140817_C47","96 well plate","FP2_FL140817","H:8",,,,"mRNA-Full-Length",,,,,,,,,,"75bp","Mus musculus",,,0.765166275017642,"Harvested cDNA","Illumina HiSeq 4000",3000000,,,"C1-96",,,,"Paired End",,,15,,,"Smart-Seq V4, ERCC SPIKE-IN",
"PRO472A381","1_FP2_FL140817_C48","96 well plate","FP2_FL140817","H:9",,,,"mRNA-Full-Length",,,,,,,,,,"75bp","Mus musculus",,,0.327048518402654,"Harvested cDNA","Illumina HiSeq 4000",3000000,,,"C1-96",,,,"Paired End",,,15,,,"Smart-Seq V4, ERCC SPIKE-IN",
"PRO472A382","1_FP2_FL140817_C96","96 well plate","FP2_FL140817","H:10",,,,"mRNA-Full-Length",,,,,,,,,,"75bp","Mus musculus",,,0.965321964598808,"Harvested cDNA","Illumina HiSeq 4000",3000000,,,"C1-96",,,,"Paired End",,,15,,,"Smart-Seq V4, ERCC SPIKE-IN",
"PRO472A383","0_FP2_FL140817_C95","96 well plate","FP2_FL140817","H:11",,,,"mRNA-Full-Length",,,,,,,,,,"75bp","Mus musculus",,,-0.044253672164304,"Harvested cDNA","Illumina HiSeq 4000",3000000,,,"C1-96",,,,"Paired End",,,15,,,"Smart-Seq V4, ERCC SPIKE-IN",
"PRO472A384","0_FP2_FL140817_C94","96 well plate","FP2_FL140817","H:12",,,,"mRNA-Full-Length",,,,,,,,,,"75bp","Mus musculus",,,0.015151360828792,"Harvested cDNA","Illumina HiSeq 4000",3000000,,,"C1-96",,,,"Paired End",,,15,,,"Smart-Seq V4, ERCC SPIKE-IN",
"</SAMPLE ENTRIES>",,,,,,,,,,,,,,,,,,,,,,,,,,,,,,,,,,,,,,,
